date,symbol,name,asset_type,monthly_return,price,is_synthetic
2010-01-31,GLOBAL_EQ,Global Equity Index,index,0.0316907,103.16907,True
2010-02-28,GLOBAL_EQ,Global Equity Index,index,-0.04960763,98.051096,True
2010-03-31,GLOBAL_EQ,Global Equity Index,index,0.02566192,100.567276,True
2010-04-30,GLOBAL_EQ,Global Equity Index,index,-0.02699356,97.852606,True
2010-05-31,GLOBAL_EQ,Global Equity Index,index,-0.03982771,93.955361,True
2010-06-30,GLOBAL_EQ,Global Equity Index,index,-0.00893073,93.116271,True
2010-07-31,GLOBAL_EQ,Global Equity Index,index,-0.0721627,86.39675,True
2010-08-31,GLOBAL_EQ,Global Equity Index,index,-0.02324166,84.388745,True
2010-09-30,GLOBAL_EQ,Global Equity Index,index,0.00344104,84.67913,True
2010-10-31,GLOBAL_EQ,Global Equity Index,index,0.08026125,91.475583,True
2010-11-30,GLOBAL_EQ,Global Equity Index,index,0.01111772,92.492583,True
2010-12-31,GLOBAL_EQ,Global Equity Index,index,-0.01079247,91.494359,True
2011-01-31,GLOBAL_EQ,Global Equity Index,index,0.015922,92.951132,True
2011-02-28,GLOBAL_EQ,Global Equity Index,index,0.05722031,98.269825,True
2011-03-31,GLOBAL_EQ,Global Equity Index,index,-0.03042691,95.279777,True
2011-04-30,GLOBAL_EQ,Global Equity Index,index,-0.07880693,87.771071,True
2011-05-31,GLOBAL_EQ,Global Equity Index,index,0.04603681,91.811771,True
2011-06-30,GLOBAL_EQ,Global Equity Index,index,0.07318679,98.53118,True
2011-07-31,GLOBAL_EQ,Global Equity Index,index,-0.00350992,98.185344,True
2011-08-31,GLOBAL_EQ,Global Equity Index,index,-0.00673748,97.523822,True
2011-09-30,GLOBAL_EQ,Global Equity Index,index,0.02461066,99.923947,True
2011-10-31,GLOBAL_EQ,Global Equity Index,index,-0.02380539,97.545218,True
2011-11-30,GLOBAL_EQ,Global Equity Index,index,0.05717342,103.122212,True
2011-12-31,GLOBAL_EQ,Global Equity Index,index,-0.02801238,100.233513,True
2012-01-31,GLOBAL_EQ,Global Equity Index,index,0.05676849,105.923618,True
2012-02-29,GLOBAL_EQ,Global Equity Index,index,0.02865792,108.959169,True
2012-03-31,GLOBAL_EQ,Global Equity Index,index,-0.01710108,107.095849,True
2012-04-30,GLOBAL_EQ,Global Equity Index,index,-0.01093588,105.924662,True
2012-05-31,GLOBAL_EQ,Global Equity Index,index,0.01745736,107.773827,True
2012-06-30,GLOBAL_EQ,Global Equity Index,index,0.0560426,113.813752,True
2012-07-31,GLOBAL_EQ,Global Equity Index,index,-0.00101607,113.69811,True
2012-08-31,GLOBAL_EQ,Global Equity Index,index,-0.03818812,109.356193,True
2012-09-30,GLOBAL_EQ,Global Equity Index,index,0.01250994,110.724233,True
2012-10-31,GLOBAL_EQ,Global Equity Index,index,-0.00724709,109.921804,True
2012-11-30,GLOBAL_EQ,Global Equity Index,index,0.0694059,117.551026,True
2012-12-31,GLOBAL_EQ,Global Equity Index,index,0.01044734,118.779121,True
2013-01-31,GLOBAL_EQ,Global Equity Index,index,-0.03483732,114.641176,True
2013-02-28,GLOBAL_EQ,Global Equity Index,index,0.00243266,114.920059,True
2013-03-31,GLOBAL_EQ,Global Equity Index,index,0.03730595,119.207261,True
2013-04-30,GLOBAL_EQ,Global Equity Index,index,-0.00957646,118.065677,True
2013-05-31,GLOBAL_EQ,Global Equity Index,index,0.03015501,121.625949,True
2013-06-30,GLOBAL_EQ,Global Equity Index,index,0.0078687,122.582986,True
2013-07-31,GLOBAL_EQ,Global Equity Index,index,0.00035488,122.626489,True
2013-08-31,GLOBAL_EQ,Global Equity Index,index,-0.03606367,118.204128,True
2013-09-30,GLOBAL_EQ,Global Equity Index,index,0.05577559,124.797033,True
2013-10-31,GLOBAL_EQ,Global Equity Index,index,-0.03383849,120.574089,True
2013-11-30,GLOBAL_EQ,Global Equity Index,index,0.03922103,125.303129,True
2013-12-31,GLOBAL_EQ,Global Equity Index,index,-0.02341499,122.369158,True
2014-01-31,GLOBAL_EQ,Global Equity Index,index,0.0988454,134.464787,True
2014-02-28,GLOBAL_EQ,Global Equity Index,index,-0.04821479,127.981595,True
2014-03-31,GLOBAL_EQ,Global Equity Index,index,-0.01191682,126.456462,True
2014-04-30,GLOBAL_EQ,Global Equity Index,index,-0.00901422,125.316555,True
2014-05-31,GLOBAL_EQ,Global Equity Index,index,0.00634022,126.11109,True
2014-06-30,GLOBAL_EQ,Global Equity Index,index,0.02246121,128.943698,True
2014-07-31,GLOBAL_EQ,Global Equity Index,index,0.04030646,134.140961,True
2014-08-31,GLOBAL_EQ,Global Equity Index,index,0.07413279,144.085205,True
2014-09-30,GLOBAL_EQ,Global Equity Index,index,0.05633517,152.202269,True
2014-10-31,GLOBAL_EQ,Global Equity Index,index,0.02636854,156.21562,True
2014-11-30,GLOBAL_EQ,Global Equity Index,index,-0.06474671,146.101173,True
2014-12-31,GLOBAL_EQ,Global Equity Index,index,0.01932077,148.923959,True
2015-01-31,GLOBAL_EQ,Global Equity Index,index,-0.03309796,143.99488,True
2015-02-28,GLOBAL_EQ,Global Equity Index,index,-0.0444103,137.600024,True
2015-03-31,GLOBAL_EQ,Global Equity Index,index,0.01001912,138.978656,True
2015-04-30,GLOBAL_EQ,Global Equity Index,index,0.05804037,147.045028,True
2015-05-31,GLOBAL_EQ,Global Equity Index,index,-0.07558142,135.931156,True
2015-06-30,GLOBAL_EQ,Global Equity Index,index,0.0337049,140.512701,True
2015-07-31,GLOBAL_EQ,Global Equity Index,index,0.02788982,144.431575,True
2015-08-31,GLOBAL_EQ,Global Equity Index,index,-0.07652378,133.379125,True
2015-09-30,GLOBAL_EQ,Global Equity Index,index,-0.09499774,120.708409,True
2015-10-31,GLOBAL_EQ,Global Equity Index,index,-0.07470267,111.691169,True
2015-11-30,GLOBAL_EQ,Global Equity Index,index,-0.01637094,109.86268,True
2015-12-31,GLOBAL_EQ,Global Equity Index,index,0.00768366,110.706827,True
2016-01-31,GLOBAL_EQ,Global Equity Index,index,0.00429525,111.182341,True
2016-02-29,GLOBAL_EQ,Global Equity Index,index,0.08764954,120.927422,True
2016-03-31,GLOBAL_EQ,Global Equity Index,index,0.03877447,125.616319,True
2016-04-30,GLOBAL_EQ,Global Equity Index,index,0.03853875,130.457414,True
2016-05-31,GLOBAL_EQ,Global Equity Index,index,0.03425253,134.925911,True
2016-06-30,GLOBAL_EQ,Global Equity Index,index,-0.00872753,133.748342,True
2016-07-31,GLOBAL_EQ,Global Equity Index,index,0.02284717,136.804112,True
2016-08-31,GLOBAL_EQ,Global Equity Index,index,-0.03285944,132.308806,True
2016-09-30,GLOBAL_EQ,Global Equity Index,index,-0.01989904,129.675988,True
2016-10-31,GLOBAL_EQ,Global Equity Index,index,-0.00446391,129.097126,True
2016-11-30,GLOBAL_EQ,Global Equity Index,index,-0.00511225,128.43715,True
2016-12-31,GLOBAL_EQ,Global Equity Index,index,-0.03167865,124.368434,True
2017-01-31,GLOBAL_EQ,Global Equity Index,index,-0.01231258,122.837137,True
2017-02-28,GLOBAL_EQ,Global Equity Index,index,0.004171,123.349491,True
2017-03-31,GLOBAL_EQ,Global Equity Index,index,0.02244228,126.117735,True
2017-04-30,GLOBAL_EQ,Global Equity Index,index,0.01792686,128.378629,True
2017-05-31,GLOBAL_EQ,Global Equity Index,index,-0.01520975,126.426022,True
2017-06-30,GLOBAL_EQ,Global Equity Index,index,-0.11401047,112.012131,True
2017-07-31,GLOBAL_EQ,Global Equity Index,index,-0.04408139,107.074481,True
2017-08-31,GLOBAL_EQ,Global Equity Index,index,0.04002307,111.359931,True
2017-09-30,GLOBAL_EQ,Global Equity Index,index,0.02021932,113.611552,True
2017-10-31,GLOBAL_EQ,Global Equity Index,index,-0.02448692,110.829556,True
2017-11-30,GLOBAL_EQ,Global Equity Index,index,0.09246152,121.077025,True
2017-12-31,GLOBAL_EQ,Global Equity Index,index,0.03281631,125.050326,True
2018-01-31,GLOBAL_EQ,Global Equity Index,index,0.03443107,129.355942,True
2018-02-28,GLOBAL_EQ,Global Equity Index,index,-0.01248917,127.740394,True
2018-03-31,GLOBAL_EQ,Global Equity Index,index,-0.0176454,125.486363,True
2018-04-30,GLOBAL_EQ,Global Equity Index,index,0.03289219,129.613884,True
2018-05-31,GLOBAL_EQ,Global Equity Index,index,-0.04987567,123.149305,True
2018-06-30,GLOBAL_EQ,Global Equity Index,index,0.00188724,123.381717,True
2018-07-31,GLOBAL_EQ,Global Equity Index,index,-0.01174867,121.932146,True
2018-08-31,GLOBAL_EQ,Global Equity Index,index,0.02630545,125.139626,True
2018-09-30,GLOBAL_EQ,Global Equity Index,index,0.05221955,131.674361,True
2018-10-31,GLOBAL_EQ,Global Equity Index,index,0.0159603,133.775924,True
2018-11-30,GLOBAL_EQ,Global Equity Index,index,0.00242217,134.099952,True
2018-12-31,GLOBAL_EQ,Global Equity Index,index,0.06281631,142.523616,True
2019-01-31,GLOBAL_EQ,Global Equity Index,index,-0.00067425,142.42752,True
2019-02-28,GLOBAL_EQ,Global Equity Index,index,-0.01194278,140.72654,True
2019-03-31,GLOBAL_EQ,Global Equity Index,index,-0.01243831,138.976139,True
2019-04-30,GLOBAL_EQ,Global Equity Index,index,0.10030301,152.915864,True
2019-05-31,GLOBAL_EQ,Global Equity Index,index,-0.04152182,146.566519,True
2019-06-30,GLOBAL_EQ,Global Equity Index,index,-0.01113695,144.934216,True
2019-07-31,GLOBAL_EQ,Global Equity Index,index,0.01506836,147.118137,True
2019-08-31,GLOBAL_EQ,Global Equity Index,index,-0.01452405,144.981386,True
2019-09-30,GLOBAL_EQ,Global Equity Index,index,-0.03543768,139.843582,True
2019-10-31,GLOBAL_EQ,Global Equity Index,index,-0.03227901,135.329569,True
2019-11-30,GLOBAL_EQ,Global Equity Index,index,-0.05091726,128.438958,True
2019-12-31,GLOBAL_EQ,Global Equity Index,index,-0.00695627,127.545502,True
2020-01-31,GLOBAL_EQ,Global Equity Index,index,-0.00289718,127.17598,True
2020-02-29,GLOBAL_EQ,Global Equity Index,index,-0.02933726,123.444984,True
2020-03-31,GLOBAL_EQ,Global Equity Index,index,0.03097266,127.268404,True
2020-04-30,GLOBAL_EQ,Global Equity Index,index,-0.0345192,122.875201,True
2020-05-31,GLOBAL_EQ,Global Equity Index,index,0.00847165,123.916157,True
2020-06-30,GLOBAL_EQ,Global Equity Index,index,0.02201191,126.643789,True
2020-07-31,GLOBAL_EQ,Global Equity Index,index,0.02400568,129.683959,True
2020-08-31,GLOBAL_EQ,Global Equity Index,index,0.00143664,129.870268,True
2020-09-30,GLOBAL_EQ,Global Equity Index,index,-0.02819747,126.208255,True
2020-10-31,GLOBAL_EQ,Global Equity Index,index,0.06363741,134.239821,True
2020-11-30,GLOBAL_EQ,Global Equity Index,index,0.01338584,136.036734,True
2020-12-31,GLOBAL_EQ,Global Equity Index,index,0.08695514,147.865827,True
2021-01-31,GLOBAL_EQ,Global Equity Index,index,-0.00656273,146.895423,True
2021-02-28,GLOBAL_EQ,Global Equity Index,index,-0.02563968,143.129072,True
2021-03-31,GLOBAL_EQ,Global Equity Index,index,0.0086954,144.373636,True
2021-04-30,GLOBAL_EQ,Global Equity Index,index,0.01430208,146.43848,True
2021-05-31,GLOBAL_EQ,Global Equity Index,index,-0.09728593,132.192076,True
2021-06-30,GLOBAL_EQ,Global Equity Index,index,-0.02014398,129.529202,True
2021-07-31,GLOBAL_EQ,Global Equity Index,index,0.01162387,131.034832,True
2021-08-31,GLOBAL_EQ,Global Equity Index,index,0.0062803,131.857771,True
2021-09-30,GLOBAL_EQ,Global Equity Index,index,0.01319015,133.596994,True
2021-10-31,GLOBAL_EQ,Global Equity Index,index,-0.01928559,131.020498,True
2021-11-30,GLOBAL_EQ,Global Equity Index,index,-0.04893385,124.609161,True
2021-12-31,GLOBAL_EQ,Global Equity Index,index,-0.02970642,120.907469,True
2022-01-31,GLOBAL_EQ,Global Equity Index,index,0.06498201,128.764279,True
2022-02-28,GLOBAL_EQ,Global Equity Index,index,0.03170113,132.846252,True
2022-03-31,GLOBAL_EQ,Global Equity Index,index,0.11218003,147.748949,True
2022-04-30,GLOBAL_EQ,Global Equity Index,index,0.02351809,151.223722,True
2022-05-31,GLOBAL_EQ,Global Equity Index,index,-0.01531236,148.908129,True
2022-06-30,GLOBAL_EQ,Global Equity Index,index,-0.0018148,148.637891,True
2022-07-31,GLOBAL_EQ,Global Equity Index,index,-0.0214406,145.451005,True
2022-08-31,GLOBAL_EQ,Global Equity Index,index,0.09774724,159.668439,True
2022-09-30,GLOBAL_EQ,Global Equity Index,index,-0.10721351,142.549825,True
2022-10-31,GLOBAL_EQ,Global Equity Index,index,-0.0517899,135.167185,True
2022-11-30,GLOBAL_EQ,Global Equity Index,index,0.00905629,136.391297,True
2022-12-31,GLOBAL_EQ,Global Equity Index,index,-0.00860489,135.217666,True
2023-01-31,GLOBAL_EQ,Global Equity Index,index,0.01835111,137.69906,True
2023-02-28,GLOBAL_EQ,Global Equity Index,index,-0.07531249,127.328601,True
2023-03-31,GLOBAL_EQ,Global Equity Index,index,0.02496482,130.507337,True
2023-04-30,GLOBAL_EQ,Global Equity Index,index,0.01805625,132.86381,True
2023-05-31,GLOBAL_EQ,Global Equity Index,index,0.093541,145.292024,True
2023-06-30,GLOBAL_EQ,Global Equity Index,index,-0.01778139,142.708531,True
2023-07-31,GLOBAL_EQ,Global Equity Index,index,-0.02667762,138.901407,True
2023-08-31,GLOBAL_EQ,Global Equity Index,index,0.07631908,149.502235,True
2023-09-30,GLOBAL_EQ,Global Equity Index,index,-0.03146098,144.798748,True
2023-10-31,GLOBAL_EQ,Global Equity Index,index,-0.01398877,142.773192,True
2023-11-30,GLOBAL_EQ,Global Equity Index,index,0.03153631,147.275732,True
2023-12-31,GLOBAL_EQ,Global Equity Index,index,0.00946734,148.670042,True
2024-01-31,GLOBAL_EQ,Global Equity Index,index,-0.01465983,146.490565,True
2024-02-29,GLOBAL_EQ,Global Equity Index,index,-0.00711083,145.448896,True
2024-03-31,GLOBAL_EQ,Global Equity Index,index,0.02095217,148.496366,True
2024-04-30,GLOBAL_EQ,Global Equity Index,index,0.02395516,152.053621,True
2024-05-31,GLOBAL_EQ,Global Equity Index,index,-0.07249381,141.030675,True
2024-06-30,GLOBAL_EQ,Global Equity Index,index,0.0399763,146.66856,True
2024-07-31,GLOBAL_EQ,Global Equity Index,index,0.0652668,156.241147,True
2024-08-31,GLOBAL_EQ,Global Equity Index,index,0.03277583,161.362081,True
2024-09-30,GLOBAL_EQ,Global Equity Index,index,-0.02550579,157.246413,True
2024-10-31,GLOBAL_EQ,Global Equity Index,index,0.01940955,160.298496,True
2024-11-30,GLOBAL_EQ,Global Equity Index,index,-0.00157309,160.046331,True
2024-12-31,GLOBAL_EQ,Global Equity Index,index,0.01456413,162.377267,True
2025-01-31,GLOBAL_EQ,Global Equity Index,index,-0.0311557,157.318289,True
2025-02-28,GLOBAL_EQ,Global Equity Index,index,0.01062017,158.989036,True
2025-03-31,GLOBAL_EQ,Global Equity Index,index,-0.04694712,151.524959,True
2025-04-30,GLOBAL_EQ,Global Equity Index,index,0.05710133,160.177236,True
2025-05-31,GLOBAL_EQ,Global Equity Index,index,0.01154268,162.02611,True
2025-06-30,GLOBAL_EQ,Global Equity Index,index,0.04787185,169.7826,True
2025-07-31,GLOBAL_EQ,Global Equity Index,index,-0.03104884,164.511048,True
2025-08-31,GLOBAL_EQ,Global Equity Index,index,0.00331607,165.056578,True
2025-09-30,GLOBAL_EQ,Global Equity Index,index,-0.02115992,161.563993,True
2025-10-31,GLOBAL_EQ,Global Equity Index,index,-0.05746802,152.27923,True
2025-11-30,GLOBAL_EQ,Global Equity Index,index,0.04781114,159.559873,True
2025-12-31,GLOBAL_EQ,Global Equity Index,index,0.07635401,171.742909,True
2010-01-31,US_EQ,US Equity Index,index,0.0357857,103.57857,True
2010-02-28,US_EQ,US Equity Index,index,-0.04427755,98.992364,True
2010-03-31,US_EQ,US Equity Index,index,0.00038956,99.030928,True
2010-04-30,US_EQ,US Equity Index,index,-0.01803896,97.244513,True
2010-05-31,US_EQ,US Equity Index,index,-0.00220405,97.030181,True
2010-06-30,US_EQ,US Equity Index,index,-0.02428307,94.673991,True
2010-07-31,US_EQ,US Equity Index,index,-0.10289969,84.932066,True
2010-08-31,US_EQ,US Equity Index,index,-0.00363015,84.62375,True
2010-09-30,US_EQ,US Equity Index,index,-0.02046745,82.891718,True
2010-10-31,US_EQ,US Equity Index,index,0.11418669,92.356849,True
2010-11-30,US_EQ,US Equity Index,index,0.00615271,92.925094,True
2010-12-31,US_EQ,US Equity Index,index,-0.05791176,87.543638,True
2011-01-31,US_EQ,US Equity Index,index,0.03703926,90.786189,True
2011-02-28,US_EQ,US Equity Index,index,0.0826191,98.286863,True
2011-03-31,US_EQ,US Equity Index,index,0.04152121,102.367852,True
2011-04-30,US_EQ,US Equity Index,index,-0.0786286,94.318811,True
2011-05-31,US_EQ,US Equity Index,index,0.05004827,99.039304,True
2011-06-30,US_EQ,US Equity Index,index,0.04985934,103.977338,True
2011-07-31,US_EQ,US Equity Index,index,0.03381208,107.493029,True
2011-08-31,US_EQ,US Equity Index,index,-0.02305696,105.014567,True
2011-09-30,US_EQ,US Equity Index,index,0.01938924,107.050719,True
2011-10-31,US_EQ,US Equity Index,index,0.07139197,114.693281,True
2011-11-30,US_EQ,US Equity Index,index,0.04943421,120.363053,True
2011-12-31,US_EQ,US Equity Index,index,0.00186798,120.587888,True
2012-01-31,US_EQ,US Equity Index,index,0.02570698,123.687839,True
2012-02-29,US_EQ,US Equity Index,index,-0.00342898,123.263716,True
2012-03-31,US_EQ,US Equity Index,index,0.01317653,124.887904,True
2012-04-30,US_EQ,US Equity Index,index,0.01757554,127.082877,True
2012-05-31,US_EQ,US Equity Index,index,0.01747927,129.304194,True
2012-06-30,US_EQ,US Equity Index,index,0.05649517,136.609257,True
2012-07-31,US_EQ,US Equity Index,index,0.00391896,137.144622,True
2012-08-31,US_EQ,US Equity Index,index,0.02380758,140.409704,True
2012-09-30,US_EQ,US Equity Index,index,0.02037446,143.270476,True
2012-10-31,US_EQ,US Equity Index,index,-0.0092333,141.947616,True
2012-11-30,US_EQ,US Equity Index,index,0.04342753,148.11205,True
2012-12-31,US_EQ,US Equity Index,index,0.03055433,152.637515,True
2013-01-31,US_EQ,US Equity Index,index,-0.02593459,148.678923,True
2013-02-28,US_EQ,US Equity Index,index,-0.00951493,147.264254,True
2013-03-31,US_EQ,US Equity Index,index,-0.00751466,146.157614,True
2013-04-30,US_EQ,US Equity Index,index,-0.01695455,143.679577,True
2013-05-31,US_EQ,US Equity Index,index,0.06251466,152.661658,True
2013-06-30,US_EQ,US Equity Index,index,0.00701787,153.733018,True
2013-07-31,US_EQ,US Equity Index,index,0.02253502,157.197394,True
2013-08-31,US_EQ,US Equity Index,index,-0.01848277,154.291951,True
2013-09-30,US_EQ,US Equity Index,index,0.04629704,161.435211,True
2013-10-31,US_EQ,US Equity Index,index,-0.01078605,159.693964,True
2013-11-30,US_EQ,US Equity Index,index,0.09168465,174.335448,True
2013-12-31,US_EQ,US Equity Index,index,-0.0138905,171.913841,True
2014-01-31,US_EQ,US Equity Index,index,0.07340056,184.532413,True
2014-02-28,US_EQ,US Equity Index,index,-0.03665519,177.768343,True
2014-03-31,US_EQ,US Equity Index,index,0.0310894,183.295054,True
2014-04-30,US_EQ,US Equity Index,index,0.0062549,184.441547,True
2014-05-31,US_EQ,US Equity Index,index,-0.02649228,179.55527,True
2014-06-30,US_EQ,US Equity Index,index,0.0730349,192.669072,True
2014-07-31,US_EQ,US Equity Index,index,0.03644531,199.690957,True
2014-08-31,US_EQ,US Equity Index,index,0.06332569,212.336524,True
2014-09-30,US_EQ,US Equity Index,index,0.08996703,231.439809,True
2014-10-31,US_EQ,US Equity Index,index,0.02307906,236.781223,True
2014-11-30,US_EQ,US Equity Index,index,-0.08398867,216.894283,True
2014-12-31,US_EQ,US Equity Index,index,-0.01427185,213.798801,True
2015-01-31,US_EQ,US Equity Index,index,-0.02699377,208.027566,True
2015-02-28,US_EQ,US Equity Index,index,0.02104939,212.40642,True
2015-03-31,US_EQ,US Equity Index,index,-0.00191546,211.999565,True
2015-04-30,US_EQ,US Equity Index,index,-0.03204737,205.205536,True
2015-05-31,US_EQ,US Equity Index,index,-0.05716428,193.475109,True
2015-06-30,US_EQ,US Equity Index,index,0.08021777,208.995251,True
2015-07-31,US_EQ,US Equity Index,index,0.02338713,213.88305,True
2015-08-31,US_EQ,US Equity Index,index,-0.07424059,198.004246,True
2015-09-30,US_EQ,US Equity Index,index,-0.01391477,195.249062,True
2015-10-31,US_EQ,US Equity Index,index,-0.08355103,178.935802,True
2015-11-30,US_EQ,US Equity Index,index,0.00812488,180.389634,True
2015-12-31,US_EQ,US Equity Index,index,-0.0263708,175.632615,True
2016-01-31,US_EQ,US Equity Index,index,0.04642587,183.786512,True
2016-02-29,US_EQ,US Equity Index,index,0.08627932,199.643487,True
2016-03-31,US_EQ,US Equity Index,index,-0.00381895,198.881058,True
2016-04-30,US_EQ,US Equity Index,index,0.02448624,203.750906,True
2016-05-31,US_EQ,US Equity Index,index,0.00320144,204.403203,True
2016-06-30,US_EQ,US Equity Index,index,-0.03626866,196.989772,True
2016-07-31,US_EQ,US Equity Index,index,0.0322404,203.340801,True
2016-08-31,US_EQ,US Equity Index,index,0.01116077,205.610242,True
2016-09-30,US_EQ,US Equity Index,index,-0.05197286,194.92409,True
2016-10-31,US_EQ,US Equity Index,index,0.07342477,209.236347,True
2016-11-30,US_EQ,US Equity Index,index,-0.01019655,207.102858,True
2016-12-31,US_EQ,US Equity Index,index,-0.05040131,196.664603,True
2017-01-31,US_EQ,US Equity Index,index,-0.0032473,196.025974,True
2017-02-28,US_EQ,US Equity Index,index,0.03172367,202.244637,True
2017-03-31,US_EQ,US Equity Index,index,0.00472231,203.1997,True
2017-04-30,US_EQ,US Equity Index,index,-0.03814667,195.448308,True
2017-05-31,US_EQ,US Equity Index,index,-0.04550402,186.554624,True
2017-06-30,US_EQ,US Equity Index,index,-0.07052266,173.398296,True
2017-07-31,US_EQ,US Equity Index,index,-0.08443125,158.758062,True
2017-08-31,US_EQ,US Equity Index,index,0.03189832,163.822178,True
2017-09-30,US_EQ,US Equity Index,index,0.02071166,167.215208,True
2017-10-31,US_EQ,US Equity Index,index,-0.06401879,156.510293,True
2017-11-30,US_EQ,US Equity Index,index,0.04627761,163.753215,True
2017-12-31,US_EQ,US Equity Index,index,0.03635781,169.706924,True
2018-01-31,US_EQ,US Equity Index,index,0.01686602,172.569204,True
2018-02-28,US_EQ,US Equity Index,index,-0.03292959,166.886571,True
2018-03-31,US_EQ,US Equity Index,index,0.00161419,167.155958,True
2018-04-30,US_EQ,US Equity Index,index,0.03895323,173.667223,True
2018-05-31,US_EQ,US Equity Index,index,0.06613576,185.152836,True
2018-06-30,US_EQ,US Equity Index,index,-0.01117358,183.084017,True
2018-07-31,US_EQ,US Equity Index,index,-0.06495409,171.191962,True
2018-08-31,US_EQ,US Equity Index,index,0.08202406,185.233821,True
2018-09-30,US_EQ,US Equity Index,index,0.03262298,191.276699,True
2018-10-31,US_EQ,US Equity Index,index,0.05549891,201.892348,True
2018-11-30,US_EQ,US Equity Index,index,-0.01422681,199.020065,True
2018-12-31,US_EQ,US Equity Index,index,0.02756766,204.506583,True
2019-01-31,US_EQ,US Equity Index,index,-0.01022698,202.415099,True
2019-02-28,US_EQ,US Equity Index,index,-0.04383043,193.543159,True
2019-03-31,US_EQ,US Equity Index,index,0.01769707,196.968305,True
2019-04-30,US_EQ,US Equity Index,index,0.09641703,215.959404,True
2019-05-31,US_EQ,US Equity Index,index,-0.00924078,213.963771,True
2019-06-30,US_EQ,US Equity Index,index,0.05300535,225.304995,True
2019-07-31,US_EQ,US Equity Index,index,-0.03257464,217.965766,True
2019-08-31,US_EQ,US Equity Index,index,-0.02170152,213.235578,True
2019-09-30,US_EQ,US Equity Index,index,-0.03818036,205.094167,True
2019-10-31,US_EQ,US Equity Index,index,-0.08704687,187.241361,True
2019-11-30,US_EQ,US Equity Index,index,-0.06128494,175.766285,True
2019-12-31,US_EQ,US Equity Index,index,0.0572846,185.834986,True
2020-01-31,US_EQ,US Equity Index,index,0.03516867,192.370555,True
2020-02-29,US_EQ,US Equity Index,index,-0.04321032,184.058161,True
2020-03-31,US_EQ,US Equity Index,index,0.03964892,191.355869,True
2020-04-30,US_EQ,US Equity Index,index,-0.06107468,179.668869,True
2020-05-31,US_EQ,US Equity Index,index,-0.01674349,176.660586,True
2020-06-30,US_EQ,US Equity Index,index,-0.00854057,175.151804,True
2020-07-31,US_EQ,US Equity Index,index,0.0512526,184.12879,True
2020-08-31,US_EQ,US Equity Index,index,0.02024176,187.855881,True
2020-09-30,US_EQ,US Equity Index,index,-0.04401989,179.586485,True
2020-10-31,US_EQ,US Equity Index,index,0.12028266,201.187624,True
2020-11-30,US_EQ,US Equity Index,index,0.00354207,201.900245,True
2020-12-31,US_EQ,US Equity Index,index,0.02335978,206.61659,True
2021-01-31,US_EQ,US Equity Index,index,0.07456811,222.023599,True
2021-02-28,US_EQ,US Equity Index,index,-0.08102555,204.034015,True
2021-03-31,US_EQ,US Equity Index,index,0.04009655,212.215075,True
2021-04-30,US_EQ,US Equity Index,index,0.0322456,219.058077,True
2021-05-31,US_EQ,US Equity Index,index,-0.13802873,188.821769,True
2021-06-30,US_EQ,US Equity Index,index,-0.0048029,187.914877,True
2021-07-31,US_EQ,US Equity Index,index,0.0315006,193.834309,True
2021-08-31,US_EQ,US Equity Index,index,0.03884562,201.363924,True
2021-09-30,US_EQ,US Equity Index,index,0.0536481,212.166716,True
2021-10-31,US_EQ,US Equity Index,index,-0.05859217,199.735407,True
2021-11-30,US_EQ,US Equity Index,index,-0.04158328,191.429753,True
2021-12-31,US_EQ,US Equity Index,index,-0.02147035,187.31969,True
2022-01-31,US_EQ,US Equity Index,index,0.07876741,202.074378,True
2022-02-28,US_EQ,US Equity Index,index,0.07770512,217.776591,True
2022-03-31,US_EQ,US Equity Index,index,0.07033074,233.092981,True
2022-04-30,US_EQ,US Equity Index,index,0.05708131,246.398234,True
2022-05-31,US_EQ,US Equity Index,index,-0.03553431,237.642642,True
2022-06-30,US_EQ,US Equity Index,index,0.0092305,239.836203,True
2022-07-31,US_EQ,US Equity Index,index,-0.01789361,235.544668,True
2022-08-31,US_EQ,US Equity Index,index,0.10057742,259.235142,True
2022-09-30,US_EQ,US Equity Index,index,-0.06248828,243.035984,True
2022-10-31,US_EQ,US Equity Index,index,0.0009321,243.262518,True
2022-11-30,US_EQ,US Equity Index,index,-0.01754035,238.995609,True
2022-12-31,US_EQ,US Equity Index,index,-0.01030079,236.533766,True
2023-01-31,US_EQ,US Equity Index,index,-0.00064734,236.380648,True
2023-02-28,US_EQ,US Equity Index,index,-0.07236155,219.275777,True
2023-03-31,US_EQ,US Equity Index,index,-0.03322845,211.989584,True
2023-04-30,US_EQ,US Equity Index,index,0.00044099,212.08307,True
2023-05-31,US_EQ,US Equity Index,index,0.06810651,226.527308,True
2023-06-30,US_EQ,US Equity Index,index,-0.06788062,211.150494,True
2023-07-31,US_EQ,US Equity Index,index,0.00086129,211.332355,True
2023-08-31,US_EQ,US Equity Index,index,0.0387377,219.518884,True
2023-09-30,US_EQ,US Equity Index,index,-0.04043223,210.643247,True
2023-10-31,US_EQ,US Equity Index,index,0.01930091,214.708852,True
2023-11-30,US_EQ,US Equity Index,index,-0.03910196,206.313315,True
2023-12-31,US_EQ,US Equity Index,index,-0.00148061,206.007844,True
2024-01-31,US_EQ,US Equity Index,index,-0.0281041,200.218178,True
2024-02-29,US_EQ,US Equity Index,index,0.03033955,206.292707,True
2024-03-31,US_EQ,US Equity Index,index,0.02620809,211.699244,True
2024-04-30,US_EQ,US Equity Index,index,0.01139223,214.110971,True
2024-05-31,US_EQ,US Equity Index,index,-0.08694497,195.495098,True
2024-06-30,US_EQ,US Equity Index,index,0.02334728,200.059377,True
2024-07-31,US_EQ,US Equity Index,index,0.0789847,215.861007,True
2024-08-31,US_EQ,US Equity Index,index,0.02386876,221.013342,True
2024-09-30,US_EQ,US Equity Index,index,-0.03576027,213.109844,True
2024-10-31,US_EQ,US Equity Index,index,0.02771342,219.015846,True
2024-11-30,US_EQ,US Equity Index,index,-0.02499665,213.541184,True
2024-12-31,US_EQ,US Equity Index,index,0.0247789,218.832501,True
2025-01-31,US_EQ,US Equity Index,index,0.01144991,221.338113,True
2025-02-28,US_EQ,US Equity Index,index,-0.02567337,215.655616,True
2025-03-31,US_EQ,US Equity Index,index,-0.00872243,213.774575,True
2025-04-30,US_EQ,US Equity Index,index,0.06034021,226.673777,True
2025-05-31,US_EQ,US Equity Index,index,-0.00536787,225.457021,True
2025-06-30,US_EQ,US Equity Index,index,0.03867298,234.176116,True
2025-07-31,US_EQ,US Equity Index,index,-0.05533073,221.21898,True
2025-08-31,US_EQ,US Equity Index,index,-0.01843566,217.140662,True
2025-09-30,US_EQ,US Equity Index,index,-0.02043328,212.703765,True
2025-10-31,US_EQ,US Equity Index,index,-0.0310667,206.095761,True
2025-11-30,US_EQ,US Equity Index,index,0.06723242,219.952077,True
2025-12-31,US_EQ,US Equity Index,index,0.05944171,233.026404,True
2010-01-31,UK_EQ,UK Equity Index,index,0.00133318,100.133318,True
2010-02-28,UK_EQ,UK Equity Index,index,-0.03361488,96.767348,True
2010-03-31,UK_EQ,UK Equity Index,index,0.00988215,97.723618,True
2010-04-30,UK_EQ,UK Equity Index,index,-0.02081168,95.689825,True
2010-05-31,UK_EQ,UK Equity Index,index,-0.00766067,94.956777,True
2010-06-30,UK_EQ,UK Equity Index,index,0.04274462,99.015669,True
2010-07-31,UK_EQ,UK Equity Index,index,-0.02725992,96.316509,True
2010-08-31,UK_EQ,UK Equity Index,index,-0.00794205,95.551559,True
2010-09-30,UK_EQ,UK Equity Index,index,0.01978047,97.441614,True
2010-10-31,UK_EQ,UK Equity Index,index,0.0976396,106.955774,True
2010-11-30,UK_EQ,UK Equity Index,index,0.00978028,108.001832,True
2010-12-31,UK_EQ,UK Equity Index,index,-0.04560586,103.076316,True
2011-01-31,UK_EQ,UK Equity Index,index,-0.01325616,101.70992,True
2011-02-28,UK_EQ,UK Equity Index,index,0.04605814,106.394489,True
2011-03-31,UK_EQ,UK Equity Index,index,-0.03056319,103.142734,True
2011-04-30,UK_EQ,UK Equity Index,index,-0.0849269,94.383142,True
2011-05-31,UK_EQ,UK Equity Index,index,0.00257754,94.626418,True
2011-06-30,UK_EQ,UK Equity Index,index,0.03124282,97.582814,True
2011-07-31,UK_EQ,UK Equity Index,index,0.07697957,105.094697,True
2011-08-31,UK_EQ,UK Equity Index,index,-0.0025823,104.823311,True
2011-09-30,UK_EQ,UK Equity Index,index,-0.011328,103.635873,True
2011-10-31,UK_EQ,UK Equity Index,index,0.046179,108.421674,True
2011-11-30,UK_EQ,UK Equity Index,index,0.03901783,112.652053,True
2011-12-31,UK_EQ,UK Equity Index,index,-0.01789348,110.636315,True
2012-01-31,UK_EQ,UK Equity Index,index,0.05325709,116.528483,True
2012-02-29,UK_EQ,UK Equity Index,index,-0.01594385,114.670571,True
2012-03-31,UK_EQ,UK Equity Index,index,0.02093462,117.071156,True
2012-04-30,UK_EQ,UK Equity Index,index,-0.01397672,115.434885,True
2012-05-31,UK_EQ,UK Equity Index,index,0.0115808,116.771713,True
2012-06-30,UK_EQ,UK Equity Index,index,0.05209602,122.855055,True
2012-07-31,UK_EQ,UK Equity Index,index,0.00407777,123.35603,True
2012-08-31,UK_EQ,UK Equity Index,index,-0.09402389,111.757616,True
2012-09-30,UK_EQ,UK Equity Index,index,0.04141475,116.38603,True
2012-10-31,UK_EQ,UK Equity Index,index,0.02972766,119.845914,True
2012-11-30,UK_EQ,UK Equity Index,index,0.03815255,124.418342,True
2012-12-31,UK_EQ,UK Equity Index,index,-0.03979329,119.467326,True
2013-01-31,UK_EQ,UK Equity Index,index,0.01568769,121.341493,True
2013-02-28,UK_EQ,UK Equity Index,index,-0.03080489,117.603581,True
2013-03-31,UK_EQ,UK Equity Index,index,0.06476195,125.219819,True
2013-04-30,UK_EQ,UK Equity Index,index,-0.02044162,122.660123,True
2013-05-31,UK_EQ,UK Equity Index,index,-6.637e-05,122.651982,True
2013-06-30,UK_EQ,UK Equity Index,index,-0.01180527,121.204043,True
2013-07-31,UK_EQ,UK Equity Index,index,0.0177329,123.353342,True
2013-08-31,UK_EQ,UK Equity Index,index,0.00237989,123.646909,True
2013-09-30,UK_EQ,UK Equity Index,index,0.01237929,125.177571,True
2013-10-31,UK_EQ,UK Equity Index,index,-0.02505315,122.041479,True
2013-11-30,UK_EQ,UK Equity Index,index,0.07814988,131.579005,True
2013-12-31,UK_EQ,UK Equity Index,index,0.01098226,133.02404,True
2014-01-31,UK_EQ,UK Equity Index,index,0.11279515,148.028507,True
2014-02-28,UK_EQ,UK Equity Index,index,-0.01251993,146.1752,True
2014-03-31,UK_EQ,UK Equity Index,index,0.05553974,154.293732,True
2014-04-30,UK_EQ,UK Equity Index,index,0.01995668,157.372923,True
2014-05-31,UK_EQ,UK Equity Index,index,-0.05366667,148.927242,True
2014-06-30,UK_EQ,UK Equity Index,index,0.05810296,157.580355,True
2014-07-31,UK_EQ,UK Equity Index,index,0.06351774,167.589503,True
2014-08-31,UK_EQ,UK Equity Index,index,0.04374259,174.920302,True
2014-09-30,UK_EQ,UK Equity Index,index,0.02575899,179.426073,True
2014-10-31,UK_EQ,UK Equity Index,index,-0.0032343,178.845755,True
2014-11-30,UK_EQ,UK Equity Index,index,-0.06769616,166.738584,True
2014-12-31,UK_EQ,UK Equity Index,index,0.03620152,172.774773,True
2015-01-31,UK_EQ,UK Equity Index,index,-0.02529941,168.403674,True
2015-02-28,UK_EQ,UK Equity Index,index,0.00519455,169.278456,True
2015-03-31,UK_EQ,UK Equity Index,index,0.00018328,169.309482,True
2015-04-30,UK_EQ,UK Equity Index,index,-0.00967513,167.67139,True
2015-05-31,UK_EQ,UK Equity Index,index,-0.00336685,167.106866,True
2015-06-30,UK_EQ,UK Equity Index,index,-0.01074496,165.31131,True
2015-07-31,UK_EQ,UK Equity Index,index,-0.01084444,163.518601,True
2015-08-31,UK_EQ,UK Equity Index,index,-0.0515789,155.084492,True
2015-09-30,UK_EQ,UK Equity Index,index,0.00440153,155.7671,True
2015-10-31,UK_EQ,UK Equity Index,index,-0.03366277,150.523548,True
2015-11-30,UK_EQ,UK Equity Index,index,0.02135742,153.738344,True
2015-12-31,UK_EQ,UK Equity Index,index,-0.03743789,147.982704,True
2016-01-31,UK_EQ,UK Equity Index,index,0.01976951,150.90825,True
2016-02-29,UK_EQ,UK Equity Index,index,0.05220408,158.786275,True
2016-03-31,UK_EQ,UK Equity Index,index,0.04383235,165.746252,True
2016-04-30,UK_EQ,UK Equity Index,index,-0.00711515,164.566943,True
2016-05-31,UK_EQ,UK Equity Index,index,-0.02528306,160.406187,True
2016-06-30,UK_EQ,UK Equity Index,index,-0.00863392,159.021253,True
2016-07-31,UK_EQ,UK Equity Index,index,-0.00268064,158.594974,True
2016-08-31,UK_EQ,UK Equity Index,index,-0.01487773,156.235441,True
2016-09-30,UK_EQ,UK Equity Index,index,-0.02798016,151.863948,True
2016-10-31,UK_EQ,UK Equity Index,index,-0.00405807,151.247673,True
2016-11-30,UK_EQ,UK Equity Index,index,-0.03652616,145.723176,True
2016-12-31,UK_EQ,UK Equity Index,index,0.03083317,150.216283,True
2017-01-31,UK_EQ,UK Equity Index,index,-0.06218383,140.875259,True
2017-02-28,UK_EQ,UK Equity Index,index,0.03702614,146.091325,True
2017-03-31,UK_EQ,UK Equity Index,index,0.01988925,148.996972,True
2017-04-30,UK_EQ,UK Equity Index,index,0.00473166,149.701975,True
2017-05-31,UK_EQ,UK Equity Index,index,0.05285146,157.613943,True
2017-06-30,UK_EQ,UK Equity Index,index,-0.10267533,141.430879,True
2017-07-31,UK_EQ,UK Equity Index,index,-0.14112222,121.47184,True
2017-08-31,UK_EQ,UK Equity Index,index,0.03449667,125.662214,True
2017-09-30,UK_EQ,UK Equity Index,index,0.04772464,131.659398,True
2017-10-31,UK_EQ,UK Equity Index,index,0.02453604,134.889798,True
2017-11-30,UK_EQ,UK Equity Index,index,0.05825766,142.748162,True
2017-12-31,UK_EQ,UK Equity Index,index,0.02820911,146.774962,True
2018-01-31,UK_EQ,UK Equity Index,index,0.05250945,154.482034,True
2018-02-28,UK_EQ,UK Equity Index,index,0.01639242,157.014368,True
2018-03-31,UK_EQ,UK Equity Index,index,-0.00492005,156.24185,True
2018-04-30,UK_EQ,UK Equity Index,index,0.03234998,161.296271,True
2018-05-31,UK_EQ,UK Equity Index,index,0.05219271,169.71476,True
2018-06-30,UK_EQ,UK Equity Index,index,0.01011384,171.431228,True
2018-07-31,UK_EQ,UK Equity Index,index,-0.07855428,157.964572,True
2018-08-31,UK_EQ,UK Equity Index,index,0.02302136,161.601131,True
2018-09-30,UK_EQ,UK Equity Index,index,0.01790524,164.494638,True
2018-10-31,UK_EQ,UK Equity Index,index,0.04678594,172.190674,True
2018-11-30,UK_EQ,UK Equity Index,index,-0.03175593,166.722599,True
2018-12-31,UK_EQ,UK Equity Index,index,0.05765779,176.335455,True
2019-01-31,UK_EQ,UK Equity Index,index,-0.04428882,168.525766,True
2019-02-28,UK_EQ,UK Equity Index,index,-0.0187976,165.357886,True
2019-03-31,UK_EQ,UK Equity Index,index,-0.02456508,161.295857,True
2019-04-30,UK_EQ,UK Equity Index,index,0.11041587,179.10548,True
2019-05-31,UK_EQ,UK Equity Index,index,-0.06578771,167.322541,True
2019-06-30,UK_EQ,UK Equity Index,index,-0.0309648,162.141431,True
2019-07-31,UK_EQ,UK Equity Index,index,-0.03030392,157.22791,True
2019-08-31,UK_EQ,UK Equity Index,index,-0.01725996,154.514162,True
2019-09-30,UK_EQ,UK Equity Index,index,-0.04398421,147.717979,True
2019-10-31,UK_EQ,UK Equity Index,index,-0.0259497,143.884742,True
2019-11-30,UK_EQ,UK Equity Index,index,-0.04610791,137.250518,True
2019-12-31,UK_EQ,UK Equity Index,index,0.01578908,139.417578,True
2020-01-31,UK_EQ,UK Equity Index,index,-0.017506,136.976934,True
2020-02-29,UK_EQ,UK Equity Index,index,0.04605334,143.285178,True
2020-03-31,UK_EQ,UK Equity Index,index,0.01938098,146.062186,True
2020-04-30,UK_EQ,UK Equity Index,index,-0.02919539,141.797844,True
2020-05-31,UK_EQ,UK Equity Index,index,0.05200807,149.172476,True
2020-06-30,UK_EQ,UK Equity Index,index,0.05567217,157.477232,True
2020-07-31,UK_EQ,UK Equity Index,index,0.04996789,165.346037,True
2020-08-31,UK_EQ,UK Equity Index,index,-0.01624321,162.660286,True
2020-09-30,UK_EQ,UK Equity Index,index,-0.02494549,158.602645,True
2020-10-31,UK_EQ,UK Equity Index,index,0.03281866,163.807771,True
2020-11-30,UK_EQ,UK Equity Index,index,0.0102396,165.485097,True
2020-12-31,UK_EQ,UK Equity Index,index,0.05532456,174.640487,True
2021-01-31,UK_EQ,UK Equity Index,index,0.03697571,181.097943,True
2021-02-28,UK_EQ,UK Equity Index,index,-0.06808975,168.767029,True
2021-03-31,UK_EQ,UK Equity Index,index,-0.02405832,164.706777,True
2021-04-30,UK_EQ,UK Equity Index,index,0.08912533,179.386324,True
2021-05-31,UK_EQ,UK Equity Index,index,-0.08829482,163.54744,True
2021-06-30,UK_EQ,UK Equity Index,index,0.01456496,165.929503,True
2021-07-31,UK_EQ,UK Equity Index,index,0.02006222,169.258418,True
2021-08-31,UK_EQ,UK Equity Index,index,-0.08099063,155.550071,True
2021-09-30,UK_EQ,UK Equity Index,index,-0.00752489,154.379574,True
2021-10-31,UK_EQ,UK Equity Index,index,-0.00714138,153.27709,True
2021-11-30,UK_EQ,UK Equity Index,index,-0.02447351,149.525861,True
2021-12-31,UK_EQ,UK Equity Index,index,-0.04732812,142.449083,True
2022-01-31,UK_EQ,UK Equity Index,index,0.07846388,153.62619,True
2022-02-28,UK_EQ,UK Equity Index,index,0.06313109,163.324778,True
2022-03-31,UK_EQ,UK Equity Index,index,0.04710267,171.017811,True
2022-04-30,UK_EQ,UK Equity Index,index,0.01477444,173.544503,True
2022-05-31,UK_EQ,UK Equity Index,index,-0.01454038,171.0211,True
2022-06-30,UK_EQ,UK Equity Index,index,-0.03712126,164.672581,True
2022-07-31,UK_EQ,UK Equity Index,index,-0.0395212,158.164523,True
2022-08-31,UK_EQ,UK Equity Index,index,0.07299816,169.710242,True
2022-09-30,UK_EQ,UK Equity Index,index,-0.09615132,153.392378,True
2022-10-31,UK_EQ,UK Equity Index,index,0.02591507,157.367553,True
2022-11-30,UK_EQ,UK Equity Index,index,-0.02469821,153.480856,True
2022-12-31,UK_EQ,UK Equity Index,index,0.01669599,156.04337,True
2023-01-31,UK_EQ,UK Equity Index,index,0.05384364,164.445314,True
2023-02-28,UK_EQ,UK Equity Index,index,-0.03416338,158.827306,True
2023-03-31,UK_EQ,UK Equity Index,index,-0.02424892,154.975915,True
2023-04-30,UK_EQ,UK Equity Index,index,0.01447193,157.218716,True
2023-05-31,UK_EQ,UK Equity Index,index,0.10677503,174.005749,True
2023-06-30,UK_EQ,UK Equity Index,index,0.0081597,175.425584,True
2023-07-31,UK_EQ,UK Equity Index,index,0.00686941,176.630654,True
2023-08-31,UK_EQ,UK Equity Index,index,0.06451913,188.02671,True
2023-09-30,UK_EQ,UK Equity Index,index,-0.02242124,183.810918,True
2023-10-31,UK_EQ,UK Equity Index,index,-0.01321644,181.381592,True
2023-11-30,UK_EQ,UK Equity Index,index,-0.00716959,180.08116,True
2023-12-31,UK_EQ,UK Equity Index,index,-0.00102487,179.896601,True
2024-01-31,UK_EQ,UK Equity Index,index,-0.02767495,174.91797,True
2024-02-29,UK_EQ,UK Equity Index,index,-0.04362052,167.287958,True
2024-03-31,UK_EQ,UK Equity Index,index,-0.03449809,161.516843,True
2024-04-30,UK_EQ,UK Equity Index,index,-0.01407856,159.242918,True
2024-05-31,UK_EQ,UK Equity Index,index,-0.0481055,151.582458,True
2024-06-30,UK_EQ,UK Equity Index,index,0.02506909,155.382492,True
2024-07-31,UK_EQ,UK Equity Index,index,0.01032045,156.98611,True
2024-08-31,UK_EQ,UK Equity Index,index,0.00047988,157.061444,True
2024-09-30,UK_EQ,UK Equity Index,index,-0.01144136,155.264448,True
2024-10-31,UK_EQ,UK Equity Index,index,0.05424316,163.686482,True
2024-11-30,UK_EQ,UK Equity Index,index,0.01982944,166.932294,True
2024-12-31,UK_EQ,UK Equity Index,index,-0.0032376,166.391834,True
2025-01-31,UK_EQ,UK Equity Index,index,-0.05973577,156.452289,True
2025-02-28,UK_EQ,UK Equity Index,index,-0.01536004,154.049176,True
2025-03-31,UK_EQ,UK Equity Index,index,-0.01300124,152.046346,True
2025-04-30,UK_EQ,UK Equity Index,index,0.02567006,155.949384,True
2025-05-31,UK_EQ,UK Equity Index,index,-0.00317915,155.453598,True
2025-06-30,UK_EQ,UK Equity Index,index,0.02324715,159.067451,True
2025-07-31,UK_EQ,UK Equity Index,index,-0.01201946,157.155546,True
2025-08-31,UK_EQ,UK Equity Index,index,-0.0346428,151.711239,True
2025-09-30,UK_EQ,UK Equity Index,index,0.00456605,152.40396,True
2025-10-31,UK_EQ,UK Equity Index,index,-0.05143605,144.564903,True
2025-11-30,UK_EQ,UK Equity Index,index,0.04898639,151.646616,True
2025-12-31,UK_EQ,UK Equity Index,index,0.08464463,164.482687,True
2010-01-31,BOND,Aggregate Bond Index,bond,-0.0046208,99.53792,True
2010-02-28,BOND,Aggregate Bond Index,bond,0.00969939,100.503376,True
2010-03-31,BOND,Aggregate Bond Index,bond,-1.649e-05,100.501719,True
2010-04-30,BOND,Aggregate Bond Index,bond,-0.00178251,100.322574,True
2010-05-31,BOND,Aggregate Bond Index,bond,0.00983451,101.309198,True
2010-06-30,BOND,Aggregate Bond Index,bond,-0.01051572,100.243859,True
2010-07-31,BOND,Aggregate Bond Index,bond,0.00132387,100.376569,True
2010-08-31,BOND,Aggregate Bond Index,bond,-0.01545892,98.824856,True
2010-09-30,BOND,Aggregate Bond Index,bond,-0.00472751,98.35766,True
2010-10-31,BOND,Aggregate Bond Index,bond,-0.00132571,98.227266,True
2010-11-30,BOND,Aggregate Bond Index,bond,0.0047424,98.693099,True
2010-12-31,BOND,Aggregate Bond Index,bond,0.0451412,103.148224,True
2011-01-31,BOND,Aggregate Bond Index,bond,0.02679048,105.911615,True
2011-02-28,BOND,Aggregate Bond Index,bond,-0.02671979,103.081678,True
2011-03-31,BOND,Aggregate Bond Index,bond,-0.01952424,101.069087,True
2011-04-30,BOND,Aggregate Bond Index,bond,0.00938817,102.017941,True
2011-05-31,BOND,Aggregate Bond Index,bond,0.0007889,102.098423,True
2011-06-30,BOND,Aggregate Bond Index,bond,-0.00899128,101.180427,True
2011-07-31,BOND,Aggregate Bond Index,bond,0.02166167,103.372164,True
2011-08-31,BOND,Aggregate Bond Index,bond,0.00346178,103.730016,True
2011-09-30,BOND,Aggregate Bond Index,bond,-0.01874551,101.785544,True
2011-10-31,BOND,Aggregate Bond Index,bond,0.01077326,102.882106,True
2011-11-30,BOND,Aggregate Bond Index,bond,-0.00225345,102.650267,True
2011-12-31,BOND,Aggregate Bond Index,bond,0.00348592,103.008097,True
2012-01-31,BOND,Aggregate Bond Index,bond,-0.01270805,101.699065,True
2012-02-29,BOND,Aggregate Bond Index,bond,-0.03233122,98.41101,True
2012-03-31,BOND,Aggregate Bond Index,bond,-0.01161729,97.26774,True
2012-04-30,BOND,Aggregate Bond Index,bond,0.011138,98.351108,True
2012-05-31,BOND,Aggregate Bond Index,bond,0.01343182,99.672143,True
2012-06-30,BOND,Aggregate Bond Index,bond,-0.01625176,98.052296,True
2012-07-31,BOND,Aggregate Bond Index,bond,-0.00384229,97.675551,True
2012-08-31,BOND,Aggregate Bond Index,bond,0.01369772,99.013483,True
2012-09-30,BOND,Aggregate Bond Index,bond,-0.01865901,97.165989,True
2012-10-31,BOND,Aggregate Bond Index,bond,0.01006234,98.143706,True
2012-11-30,BOND,Aggregate Bond Index,bond,-0.00747858,97.40973,True
2012-12-31,BOND,Aggregate Bond Index,bond,0.02291465,99.64184,True
2013-01-31,BOND,Aggregate Bond Index,bond,-0.00180434,99.462052,True
2013-02-28,BOND,Aggregate Bond Index,bond,0.01883589,101.335508,True
2013-03-31,BOND,Aggregate Bond Index,bond,-0.01704657,99.608085,True
2013-04-30,BOND,Aggregate Bond Index,bond,-0.00085674,99.522746,True
2013-05-31,BOND,Aggregate Bond Index,bond,0.015304,101.045842,True
2013-06-30,BOND,Aggregate Bond Index,bond,0.00471716,101.522492,True
2013-07-31,BOND,Aggregate Bond Index,bond,0.00636495,102.168677,True
2013-08-31,BOND,Aggregate Bond Index,bond,-0.01781845,100.34819,True
2013-09-30,BOND,Aggregate Bond Index,bond,0.0144834,101.801573,True
2013-10-31,BOND,Aggregate Bond Index,bond,-0.00496631,101.295995,True
2013-11-30,BOND,Aggregate Bond Index,bond,0.0240075,103.727859,True
2013-12-31,BOND,Aggregate Bond Index,bond,0.01414479,105.195068,True
2014-01-31,BOND,Aggregate Bond Index,bond,0.00943854,106.187955,True
2014-02-28,BOND,Aggregate Bond Index,bond,0.01623583,107.912005,True
2014-03-31,BOND,Aggregate Bond Index,bond,0.04490227,112.757499,True
2014-04-30,BOND,Aggregate Bond Index,bond,0.00477711,113.296154,True
2014-05-31,BOND,Aggregate Bond Index,bond,-0.0020541,113.063432,True
2014-06-30,BOND,Aggregate Bond Index,bond,-0.00800517,112.158341,True
2014-07-31,BOND,Aggregate Bond Index,bond,0.00327816,112.526013,True
2014-08-31,BOND,Aggregate Bond Index,bond,-0.00520111,111.940754,True
2014-09-30,BOND,Aggregate Bond Index,bond,0.00380406,112.366583,True
2014-10-31,BOND,Aggregate Bond Index,bond,0.0105025,113.546713,True
2014-11-30,BOND,Aggregate Bond Index,bond,0.00333406,113.925285,True
2014-12-31,BOND,Aggregate Bond Index,bond,0.01708837,115.872082,True
2015-01-31,BOND,Aggregate Bond Index,bond,0.02651201,118.944084,True
2015-02-28,BOND,Aggregate Bond Index,bond,-0.01892808,116.692701,True
2015-03-31,BOND,Aggregate Bond Index,bond,0.00328501,117.076038,True
2015-04-30,BOND,Aggregate Bond Index,bond,0.02031441,119.454369,True
2015-05-31,BOND,Aggregate Bond Index,bond,-0.01059136,118.189185,True
2015-06-30,BOND,Aggregate Bond Index,bond,-0.01042864,116.956632,True
2015-07-31,BOND,Aggregate Bond Index,bond,0.01589889,118.816113,True
2015-08-31,BOND,Aggregate Bond Index,bond,0.00311048,119.185688,True
2015-09-30,BOND,Aggregate Bond Index,bond,-0.00223371,118.919462,True
2015-10-31,BOND,Aggregate Bond Index,bond,-0.00820139,117.944157,True
2015-11-30,BOND,Aggregate Bond Index,bond,0.01662998,119.905567,True
2015-12-31,BOND,Aggregate Bond Index,bond,0.03899943,124.581815,True
2016-01-31,BOND,Aggregate Bond Index,bond,0.01075339,125.921493,True
2016-02-29,BOND,Aggregate Bond Index,bond,0.01926895,128.347868,True
2016-03-31,BOND,Aggregate Bond Index,bond,0.00171099,128.56747,True
2016-04-30,BOND,Aggregate Bond Index,bond,0.01126802,130.016171,True
2016-05-31,BOND,Aggregate Bond Index,bond,0.01394139,131.828777,True
2016-06-30,BOND,Aggregate Bond Index,bond,0.01717746,134.093261,True
2016-07-31,BOND,Aggregate Bond Index,bond,-0.00390652,133.569423,True
2016-08-31,BOND,Aggregate Bond Index,bond,0.01744157,135.899083,True
2016-09-30,BOND,Aggregate Bond Index,bond,-0.01778124,133.482629,True
2016-10-31,BOND,Aggregate Bond Index,bond,-0.01416134,131.592336,True
2016-11-30,BOND,Aggregate Bond Index,bond,0.00840644,132.698559,True
2016-12-31,BOND,Aggregate Bond Index,bond,-0.0073821,131.718965,True
2017-01-31,BOND,Aggregate Bond Index,bond,0.00679932,132.614564,True
2017-02-28,BOND,Aggregate Bond Index,bond,0.00971802,133.903316,True
2017-03-31,BOND,Aggregate Bond Index,bond,0.00163099,134.12171,True
2017-04-30,BOND,Aggregate Bond Index,bond,0.01028659,135.501366,True
2017-05-31,BOND,Aggregate Bond Index,bond,-0.02134244,132.609436,True
2017-06-30,BOND,Aggregate Bond Index,bond,-0.02933713,128.719056,True
2017-07-31,BOND,Aggregate Bond Index,bond,0.0016024,128.925315,True
2017-08-31,BOND,Aggregate Bond Index,bond,-0.0092318,127.735103,True
2017-09-30,BOND,Aggregate Bond Index,bond,-0.00214078,127.46165,True
2017-10-31,BOND,Aggregate Bond Index,bond,0.0046512,128.0545,True
2017-11-30,BOND,Aggregate Bond Index,bond,-0.02295302,125.115262,True
2017-12-31,BOND,Aggregate Bond Index,bond,0.00203732,125.370162,True
2018-01-31,BOND,Aggregate Bond Index,bond,0.01169967,126.836952,True
2018-02-28,BOND,Aggregate Bond Index,bond,-0.01702032,124.678146,True
2018-03-31,BOND,Aggregate Bond Index,bond,0.02951228,128.357682,True
2018-04-30,BOND,Aggregate Bond Index,bond,0.00478276,128.971586,True
2018-05-31,BOND,Aggregate Bond Index,bond,0.007726,129.96802,True
2018-06-30,BOND,Aggregate Bond Index,bond,0.02889276,133.723154,True
2018-07-31,BOND,Aggregate Bond Index,bond,0.00650096,134.592482,True
2018-08-31,BOND,Aggregate Bond Index,bond,-0.01171541,133.015676,True
2018-09-30,BOND,Aggregate Bond Index,bond,0.01618036,135.167917,True
2018-10-31,BOND,Aggregate Bond Index,bond,-0.00163842,134.946455,True
2018-11-30,BOND,Aggregate Bond Index,bond,-0.00748969,133.935749,True
2018-12-31,BOND,Aggregate Bond Index,bond,-0.01784946,131.545068,True
2019-01-31,BOND,Aggregate Bond Index,bond,0.00777649,132.568026,True
2019-02-28,BOND,Aggregate Bond Index,bond,-0.00052267,132.498737,True
2019-03-31,BOND,Aggregate Bond Index,bond,-0.00016672,132.476647,True
2019-04-30,BOND,Aggregate Bond Index,bond,-0.00151409,132.276065,True
2019-05-31,BOND,Aggregate Bond Index,bond,0.02359493,135.39711,True
2019-06-30,BOND,Aggregate Bond Index,bond,-0.01392887,133.511181,True
2019-07-31,BOND,Aggregate Bond Index,bond,0.00106193,133.65296,True
2019-08-31,BOND,Aggregate Bond Index,bond,0.00751528,134.6574,True
2019-09-30,BOND,Aggregate Bond Index,bond,-0.00129738,134.482697,True
2019-10-31,BOND,Aggregate Bond Index,bond,-0.00015053,134.462453,True
2019-11-30,BOND,Aggregate Bond Index,bond,-0.00106277,134.31955,True
2019-12-31,BOND,Aggregate Bond Index,bond,-0.00116486,134.163087,True
2020-01-31,BOND,Aggregate Bond Index,bond,0.00611625,134.983662,True
2020-02-29,BOND,Aggregate Bond Index,bond,0.0181234,137.430024,True
2020-03-31,BOND,Aggregate Bond Index,bond,0.01863949,139.99165,True
2020-04-30,BOND,Aggregate Bond Index,bond,0.03174901,144.436246,True
2020-05-31,BOND,Aggregate Bond Index,bond,0.02118338,147.495893,True
2020-06-30,BOND,Aggregate Bond Index,bond,-0.02711331,143.496791,True
2020-07-31,BOND,Aggregate Bond Index,bond,0.00041277,143.556022,True
2020-08-31,BOND,Aggregate Bond Index,bond,0.00521799,144.305096,True
2020-09-30,BOND,Aggregate Bond Index,bond,0.00690289,145.301217,True
2020-10-31,BOND,Aggregate Bond Index,bond,-0.02553299,141.591244,True
2020-11-30,BOND,Aggregate Bond Index,bond,0.02182873,144.682001,True
2020-12-31,BOND,Aggregate Bond Index,bond,-0.00804972,143.517351,True
2021-01-31,BOND,Aggregate Bond Index,bond,0.00320814,143.977775,True
2021-02-28,BOND,Aggregate Bond Index,bond,0.00824586,145.164996,True
2021-03-31,BOND,Aggregate Bond Index,bond,-0.00139384,144.962659,True
2021-04-30,BOND,Aggregate Bond Index,bond,-0.00924741,143.622129,True
2021-05-31,BOND,Aggregate Bond Index,bond,0.01656083,146.000631,True
2021-06-30,BOND,Aggregate Bond Index,bond,-0.01990625,143.094306,True
2021-07-31,BOND,Aggregate Bond Index,bond,0.01279884,144.925747,True
2021-08-31,BOND,Aggregate Bond Index,bond,0.0024468,145.28035,True
2021-09-30,BOND,Aggregate Bond Index,bond,0.00946904,146.656017,True
2021-10-31,BOND,Aggregate Bond Index,bond,0.02170547,149.839255,True
2021-11-30,BOND,Aggregate Bond Index,bond,0.00380106,150.408803,True
2021-12-31,BOND,Aggregate Bond Index,bond,-0.00529837,149.611881,True
2022-01-31,BOND,Aggregate Bond Index,bond,0.00704075,150.665261,True
2022-02-28,BOND,Aggregate Bond Index,bond,-0.01647344,148.183287,True
2022-03-31,BOND,Aggregate Bond Index,bond,0.01955216,151.080589,True
2022-04-30,BOND,Aggregate Bond Index,bond,-0.00041788,151.017456,True
2022-05-31,BOND,Aggregate Bond Index,bond,-0.00360633,150.472838,True
2022-06-30,BOND,Aggregate Bond Index,bond,-0.01463416,148.270794,True
2022-07-31,BOND,Aggregate Bond Index,bond,0.0030438,148.722101,True
2022-08-31,BOND,Aggregate Bond Index,bond,0.0002304,148.756367,True
2022-09-30,BOND,Aggregate Bond Index,bond,0.00112529,148.923761,True
2022-10-31,BOND,Aggregate Bond Index,bond,0.00298863,149.368839,True
2022-11-30,BOND,Aggregate Bond Index,bond,-0.01141209,147.664228,True
2022-12-31,BOND,Aggregate Bond Index,bond,-0.00935201,146.283271,True
2023-01-31,BOND,Aggregate Bond Index,bond,0.00199572,146.575212,True
2023-02-28,BOND,Aggregate Bond Index,bond,-0.00576041,145.730879,True
2023-03-31,BOND,Aggregate Bond Index,bond,0.01576282,148.028008,True
2023-04-30,BOND,Aggregate Bond Index,bond,-0.00894473,146.703937,True
2023-05-31,BOND,Aggregate Bond Index,bond,-0.00227537,146.370131,True
2023-06-30,BOND,Aggregate Bond Index,bond,0.01054849,147.914114,True
2023-07-31,BOND,Aggregate Bond Index,bond,0.01717008,150.453812,True
2023-08-31,BOND,Aggregate Bond Index,bond,0.02176621,153.728621,True
2023-09-30,BOND,Aggregate Bond Index,bond,0.02458409,157.5079,True
2023-10-31,BOND,Aggregate Bond Index,bond,-0.00608543,156.549397,True
2023-11-30,BOND,Aggregate Bond Index,bond,0.00550302,157.410892,True
2023-12-31,BOND,Aggregate Bond Index,bond,-0.01557236,154.959633,True
2024-01-31,BOND,Aggregate Bond Index,bond,0.00528982,155.779341,True
2024-02-29,BOND,Aggregate Bond Index,bond,-0.01326711,153.7126,True
2024-03-31,BOND,Aggregate Bond Index,bond,0.00234578,154.073176,True
2024-04-30,BOND,Aggregate Bond Index,bond,-0.025954,150.07436,True
2024-05-31,BOND,Aggregate Bond Index,bond,0.01363284,152.120301,True
2024-06-30,BOND,Aggregate Bond Index,bond,0.0066835,153.136996,True
2024-07-31,BOND,Aggregate Bond Index,bond,-0.00689515,152.081094,True
2024-08-31,BOND,Aggregate Bond Index,bond,-0.00323931,151.588456,True
2024-09-30,BOND,Aggregate Bond Index,bond,0.0253171,155.426236,True
2024-10-31,BOND,Aggregate Bond Index,bond,-0.01037904,153.813061,True
2024-11-30,BOND,Aggregate Bond Index,bond,-0.00306312,153.341913,True
2024-12-31,BOND,Aggregate Bond Index,bond,-0.0049117,152.588744,True
2025-01-31,BOND,Aggregate Bond Index,bond,0.01471979,154.834818,True
2025-02-28,BOND,Aggregate Bond Index,bond,-0.00420566,154.183636,True
2025-03-31,BOND,Aggregate Bond Index,bond,-0.00501584,153.410274,True
2025-04-30,BOND,Aggregate Bond Index,bond,0.03000552,158.013429,True
2025-05-31,BOND,Aggregate Bond Index,bond,-0.0054627,157.150249,True
2025-06-30,BOND,Aggregate Bond Index,bond,-0.00919919,155.704594,True
2025-07-31,BOND,Aggregate Bond Index,bond,0.01176441,157.536367,True
2025-08-31,BOND,Aggregate Bond Index,bond,0.00130014,157.741186,True
2025-09-30,BOND,Aggregate Bond Index,bond,0.00725182,158.885097,True
2025-10-31,BOND,Aggregate Bond Index,bond,-0.0126628,156.873168,True
2025-11-30,BOND,Aggregate Bond Index,bond,0.00073066,156.987788,True
2025-12-31,BOND,Aggregate Bond Index,bond,0.01484458,159.318207,True
2010-01-31,CASH,Cash Proxy,cash,0.00112967,100.112967,True
2010-02-28,CASH,Cash Proxy,cash,0.00148555,100.261689,True
2010-03-31,CASH,Cash Proxy,cash,0.00029118,100.290884,True
2010-04-30,CASH,Cash Proxy,cash,0.00280151,100.57185,True
2010-05-31,CASH,Cash Proxy,cash,0.00037405,100.609469,True
2010-06-30,CASH,Cash Proxy,cash,0.00150605,100.760992,True
2010-07-31,CASH,Cash Proxy,cash,0.00295109,101.058347,True
2010-08-31,CASH,Cash Proxy,cash,0.0003172,101.090403,True
2010-09-30,CASH,Cash Proxy,cash,0.00113731,101.205374,True
2010-10-31,CASH,Cash Proxy,cash,0.00142713,101.349808,True
2010-11-30,CASH,Cash Proxy,cash,0.00085132,101.436089,True
2010-12-31,CASH,Cash Proxy,cash,0.00124758,101.562639,True
2011-01-31,CASH,Cash Proxy,cash,0.00028451,101.591534,True
2011-02-28,CASH,Cash Proxy,cash,0.00030408,101.622426,True
2011-03-31,CASH,Cash Proxy,cash,0.00049829,101.673063,True
2011-04-30,CASH,Cash Proxy,cash,4.568e-05,101.677708,True
2011-05-31,CASH,Cash Proxy,cash,0.00025899,101.704042,True
2011-06-30,CASH,Cash Proxy,cash,0.0011917,101.825243,True
2011-07-31,CASH,Cash Proxy,cash,0.00137151,101.964897,True
2011-08-31,CASH,Cash Proxy,cash,0.00020599,101.985901,True
2011-09-30,CASH,Cash Proxy,cash,0.0017303,102.162367,True
2011-10-31,CASH,Cash Proxy,cash,0.00242823,102.41044,True
2011-11-30,CASH,Cash Proxy,cash,0.00101881,102.514777,True
2011-12-31,CASH,Cash Proxy,cash,0.00108067,102.625562,True
2012-01-31,CASH,Cash Proxy,cash,0.00051835,102.678759,True
2012-02-29,CASH,Cash Proxy,cash,0.00172748,102.856134,True
2012-03-31,CASH,Cash Proxy,cash,0.00193559,103.055222,True
2012-04-30,CASH,Cash Proxy,cash,0.00175336,103.235915,True
2012-05-31,CASH,Cash Proxy,cash,0.00230175,103.473538,True
2012-06-30,CASH,Cash Proxy,cash,-0.00030269,103.442218,True
2012-07-31,CASH,Cash Proxy,cash,0.00085322,103.530477,True
2012-08-31,CASH,Cash Proxy,cash,-0.0003786,103.49128,True
2012-09-30,CASH,Cash Proxy,cash,0.001006,103.595392,True
2012-10-31,CASH,Cash Proxy,cash,0.0025467,103.859219,True
2012-11-30,CASH,Cash Proxy,cash,0.00168607,104.034332,True
2012-12-31,CASH,Cash Proxy,cash,0.00030716,104.066287,True
2013-01-31,CASH,Cash Proxy,cash,0.00031569,104.09914,True
2013-02-28,CASH,Cash Proxy,cash,0.00159361,104.265034,True
2013-03-31,CASH,Cash Proxy,cash,0.00092947,104.361945,True
2013-04-30,CASH,Cash Proxy,cash,0.00104135,104.470622,True
2013-05-31,CASH,Cash Proxy,cash,0.00033956,104.506096,True
2013-06-30,CASH,Cash Proxy,cash,0.00133743,104.645865,True
2013-07-31,CASH,Cash Proxy,cash,0.00145142,104.79775,True
2013-08-31,CASH,Cash Proxy,cash,0.00138115,104.942492,True
2013-09-30,CASH,Cash Proxy,cash,0.00071585,105.017615,True
2013-10-31,CASH,Cash Proxy,cash,0.00061134,105.081817,True
2013-11-30,CASH,Cash Proxy,cash,0.00029939,105.113277,True
2013-12-31,CASH,Cash Proxy,cash,0.00211107,105.335178,True
2014-01-31,CASH,Cash Proxy,cash,0.00196886,105.542568,True
2014-02-28,CASH,Cash Proxy,cash,0.0022067,105.775469,True
2014-03-31,CASH,Cash Proxy,cash,0.00233381,106.022329,True
2014-04-30,CASH,Cash Proxy,cash,0.00051246,106.076661,True
2014-05-31,CASH,Cash Proxy,cash,0.0018233,106.270071,True
2014-06-30,CASH,Cash Proxy,cash,0.00031695,106.303754,True
2014-07-31,CASH,Cash Proxy,cash,0.00109974,106.42066,True
2014-08-31,CASH,Cash Proxy,cash,0.00192524,106.625545,True
2014-09-30,CASH,Cash Proxy,cash,0.00215414,106.855231,True
2014-10-31,CASH,Cash Proxy,cash,0.00065347,106.925058,True
2014-11-30,CASH,Cash Proxy,cash,0.0021627,107.156305,True
2014-12-31,CASH,Cash Proxy,cash,0.00148042,107.314942,True
2015-01-31,CASH,Cash Proxy,cash,0.00192998,107.522057,True
2015-02-28,CASH,Cash Proxy,cash,0.00106164,107.636207,True
2015-03-31,CASH,Cash Proxy,cash,0.00027953,107.666294,True
2015-04-30,CASH,Cash Proxy,cash,0.00216695,107.899602,True
2015-05-31,CASH,Cash Proxy,cash,0.0009712,108.004394,True
2015-06-30,CASH,Cash Proxy,cash,0.00048371,108.056636,True
2015-07-31,CASH,Cash Proxy,cash,0.00131757,108.199009,True
2015-08-31,CASH,Cash Proxy,cash,0.00224393,108.4418,True
2015-09-30,CASH,Cash Proxy,cash,0.00128887,108.581567,True
2015-10-31,CASH,Cash Proxy,cash,0.00134377,108.727476,True
2015-11-30,CASH,Cash Proxy,cash,0.0014979,108.890338,True
2015-12-31,CASH,Cash Proxy,cash,0.00263164,109.176898,True
2016-01-31,CASH,Cash Proxy,cash,0.00171442,109.364073,True
2016-02-29,CASH,Cash Proxy,cash,0.00263386,109.652124,True
2016-03-31,CASH,Cash Proxy,cash,8.84e-06,109.653092,True
2016-04-30,CASH,Cash Proxy,cash,0.00237023,109.912996,True
2016-05-31,CASH,Cash Proxy,cash,0.00108799,110.03258,True
2016-06-30,CASH,Cash Proxy,cash,0.0006454,110.103595,True
2016-07-31,CASH,Cash Proxy,cash,0.00259554,110.389373,True
2016-08-31,CASH,Cash Proxy,cash,0.00258486,110.674714,True
2016-09-30,CASH,Cash Proxy,cash,0.000378,110.716549,True
2016-10-31,CASH,Cash Proxy,cash,0.00022833,110.741829,True
2016-11-30,CASH,Cash Proxy,cash,0.00230119,110.996666,True
2016-12-31,CASH,Cash Proxy,cash,0.00152448,111.165878,True
2017-01-31,CASH,Cash Proxy,cash,0.00121671,111.301135,True
2017-02-28,CASH,Cash Proxy,cash,-0.000532,111.241923,True
2017-03-31,CASH,Cash Proxy,cash,0.00303185,111.579192,True
2017-04-30,CASH,Cash Proxy,cash,0.00053408,111.638784,True
2017-05-31,CASH,Cash Proxy,cash,0.00076467,111.724151,True
2017-06-30,CASH,Cash Proxy,cash,0.00197111,111.944372,True
2017-07-31,CASH,Cash Proxy,cash,0.00023785,111.970998,True
2017-08-31,CASH,Cash Proxy,cash,0.00177644,112.169907,True
2017-09-30,CASH,Cash Proxy,cash,0.00110982,112.294396,True
2017-10-31,CASH,Cash Proxy,cash,0.00066815,112.369425,True
2017-11-30,CASH,Cash Proxy,cash,0.00054853,112.431063,True
2017-12-31,CASH,Cash Proxy,cash,8.258e-05,112.440347,True
2018-01-31,CASH,Cash Proxy,cash,0.00180109,112.642862,True
2018-02-28,CASH,Cash Proxy,cash,0.0014785,112.809405,True
2018-03-31,CASH,Cash Proxy,cash,0.00142373,112.970014,True
2018-04-30,CASH,Cash Proxy,cash,-0.00016694,112.951155,True
2018-05-31,CASH,Cash Proxy,cash,0.00054928,113.013197,True
2018-06-30,CASH,Cash Proxy,cash,0.00216687,113.258082,True
2018-07-31,CASH,Cash Proxy,cash,-0.00014034,113.242187,True
2018-08-31,CASH,Cash Proxy,cash,0.00050229,113.299067,True
2018-09-30,CASH,Cash Proxy,cash,0.00197958,113.523352,True
2018-10-31,CASH,Cash Proxy,cash,0.0017782,113.72522,True
2018-11-30,CASH,Cash Proxy,cash,0.00068181,113.802759,True
2018-12-31,CASH,Cash Proxy,cash,0.0013354,113.954731,True
2019-01-31,CASH,Cash Proxy,cash,0.00049976,114.01168,True
2019-02-28,CASH,Cash Proxy,cash,0.00110069,114.137172,True
2019-03-31,CASH,Cash Proxy,cash,0.0011983,114.273942,True
2019-04-30,CASH,Cash Proxy,cash,0.00207078,114.510579,True
2019-05-31,CASH,Cash Proxy,cash,0.00222107,114.764915,True
2019-06-30,CASH,Cash Proxy,cash,0.00159689,114.948182,True
2019-07-31,CASH,Cash Proxy,cash,0.00080218,115.040391,True
2019-08-31,CASH,Cash Proxy,cash,0.00051007,115.099069,True
2019-09-30,CASH,Cash Proxy,cash,0.00103918,115.218678,True
2019-10-31,CASH,Cash Proxy,cash,0.00193824,115.441999,True
2019-11-30,CASH,Cash Proxy,cash,0.0023486,115.713127,True
2019-12-31,CASH,Cash Proxy,cash,0.00078109,115.803509,True
2020-01-31,CASH,Cash Proxy,cash,0.00084877,115.9018,True
2020-02-29,CASH,Cash Proxy,cash,0.00260566,116.2038,True
2020-03-31,CASH,Cash Proxy,cash,0.00256501,116.501864,True
2020-04-30,CASH,Cash Proxy,cash,0.00201961,116.737153,True
2020-05-31,CASH,Cash Proxy,cash,0.00231703,117.007636,True
2020-06-30,CASH,Cash Proxy,cash,0.00336195,117.40101,True
2020-07-31,CASH,Cash Proxy,cash,0.00094041,117.511416,True
2020-08-31,CASH,Cash Proxy,cash,0.00256163,117.812437,True
2020-09-30,CASH,Cash Proxy,cash,0.00097478,117.927277,True
2020-10-31,CASH,Cash Proxy,cash,0.00221528,118.18852,True
2020-11-30,CASH,Cash Proxy,cash,0.00233926,118.464993,True
2020-12-31,CASH,Cash Proxy,cash,0.00035418,118.506951,True
2021-01-31,CASH,Cash Proxy,cash,0.00123083,118.652813,True
2021-02-28,CASH,Cash Proxy,cash,0.0011138,118.784968,True
2021-03-31,CASH,Cash Proxy,cash,0.00037262,118.829229,True
2021-04-30,CASH,Cash Proxy,cash,0.00218794,119.08922,True
2021-05-31,CASH,Cash Proxy,cash,0.00205424,119.333858,True
2021-06-30,CASH,Cash Proxy,cash,0.00233002,119.611908,True
2021-07-31,CASH,Cash Proxy,cash,0.00040164,119.659949,True
2021-08-31,CASH,Cash Proxy,cash,0.00067095,119.740235,True
2021-09-30,CASH,Cash Proxy,cash,0.00106524,119.867788,True
2021-10-31,CASH,Cash Proxy,cash,0.00252231,120.170132,True
2021-11-30,CASH,Cash Proxy,cash,0.00205931,120.417599,True
2021-12-31,CASH,Cash Proxy,cash,0.00196403,120.654104,True
2022-01-31,CASH,Cash Proxy,cash,0.00127327,120.807729,True
2022-02-28,CASH,Cash Proxy,cash,0.00207798,121.058765,True
2022-03-31,CASH,Cash Proxy,cash,0.00264193,121.378594,True
2022-04-30,CASH,Cash Proxy,cash,0.00158301,121.570738,True
2022-05-31,CASH,Cash Proxy,cash,0.0016586,121.772375,True
2022-06-30,CASH,Cash Proxy,cash,0.00019626,121.796275,True
2022-07-31,CASH,Cash Proxy,cash,0.00085409,121.9003,True
2022-08-31,CASH,Cash Proxy,cash,0.00111118,122.035752,True
2022-09-30,CASH,Cash Proxy,cash,0.00113457,122.174211,True
2022-10-31,CASH,Cash Proxy,cash,0.00247503,122.476596,True
2022-11-30,CASH,Cash Proxy,cash,0.00082607,122.577771,True
2022-12-31,CASH,Cash Proxy,cash,0.00132096,122.739691,True
2023-01-31,CASH,Cash Proxy,cash,0.00157526,122.933038,True
2023-02-28,CASH,Cash Proxy,cash,0.00222831,123.206971,True
2023-03-31,CASH,Cash Proxy,cash,-5.522e-05,123.200167,True
2023-04-30,CASH,Cash Proxy,cash,0.00093085,123.314848,True
2023-05-31,CASH,Cash Proxy,cash,0.00044211,123.369366,True
2023-06-30,CASH,Cash Proxy,cash,0.00140523,123.542729,True
2023-07-31,CASH,Cash Proxy,cash,0.00114459,123.684135,True
2023-08-31,CASH,Cash Proxy,cash,0.00204619,123.937216,True
2023-09-30,CASH,Cash Proxy,cash,0.00138137,124.108419,True
2023-10-31,CASH,Cash Proxy,cash,0.00127403,124.266537,True
2023-11-30,CASH,Cash Proxy,cash,0.0016707,124.474149,True
2023-12-31,CASH,Cash Proxy,cash,-0.00071213,124.385507,True
2024-01-31,CASH,Cash Proxy,cash,0.00103937,124.51479,True
2024-02-29,CASH,Cash Proxy,cash,0.00167883,124.723829,True
2024-03-31,CASH,Cash Proxy,cash,0.00036177,124.76895,True
2024-04-30,CASH,Cash Proxy,cash,0.0019803,125.016029,True
2024-05-31,CASH,Cash Proxy,cash,0.00139995,125.191045,True
2024-06-30,CASH,Cash Proxy,cash,0.00223601,125.470973,True
2024-07-31,CASH,Cash Proxy,cash,0.00081111,125.572744,True
2024-08-31,CASH,Cash Proxy,cash,0.00145504,125.755457,True
2024-09-30,CASH,Cash Proxy,cash,0.00057243,125.827443,True
2024-10-31,CASH,Cash Proxy,cash,0.00117677,125.975513,True
2024-11-30,CASH,Cash Proxy,cash,0.00132706,126.14269,True
2024-12-31,CASH,Cash Proxy,cash,0.00086633,126.251972,True
2025-01-31,CASH,Cash Proxy,cash,0.00156362,126.449382,True
2025-02-28,CASH,Cash Proxy,cash,0.00138489,126.624501,True
2025-03-31,CASH,Cash Proxy,cash,-0.00055438,126.554302,True
2025-04-30,CASH,Cash Proxy,cash,0.00211941,126.822522,True
2025-05-31,CASH,Cash Proxy,cash,0.00051207,126.887464,True
2025-06-30,CASH,Cash Proxy,cash,0.00216666,127.162385,True
2025-07-31,CASH,Cash Proxy,cash,-0.00128649,126.998792,True
2025-08-31,CASH,Cash Proxy,cash,0.00017786,127.02138,True
2025-09-30,CASH,Cash Proxy,cash,0.00183517,127.254486,True
2025-10-31,CASH,Cash Proxy,cash,0.00170981,127.472067,True
2025-11-30,CASH,Cash Proxy,cash,0.00209018,127.738507,True
2025-12-31,CASH,Cash Proxy,cash,0.00040857,127.790697,True
2010-01-31,TECH_SAMPLE,Technology Share Basket,stock,-0.02177486,97.822514,True
2010-02-28,TECH_SAMPLE,Technology Share Basket,stock,-0.01797656,96.064001,True
2010-03-31,TECH_SAMPLE,Technology Share Basket,stock,0.09484221,105.174924,True
2010-04-30,TECH_SAMPLE,Technology Share Basket,stock,-0.10975331,93.631628,True
2010-05-31,TECH_SAMPLE,Technology Share Basket,stock,-0.01068783,92.630909,True
2010-06-30,TECH_SAMPLE,Technology Share Basket,stock,0.0277932,95.205418,True
2010-07-31,TECH_SAMPLE,Technology Share Basket,stock,-0.06312416,89.195656,True
2010-08-31,TECH_SAMPLE,Technology Share Basket,stock,-0.06187839,83.676373,True
2010-09-30,TECH_SAMPLE,Technology Share Basket,stock,-0.00237232,83.477866,True
2010-10-31,TECH_SAMPLE,Technology Share Basket,stock,0.15235559,96.196185,True
2010-11-30,TECH_SAMPLE,Technology Share Basket,stock,0.02224669,98.336232,True
2010-12-31,TECH_SAMPLE,Technology Share Basket,stock,0.01980344,100.283628,True
2011-01-31,TECH_SAMPLE,Technology Share Basket,stock,0.0425744,104.553143,True
2011-02-28,TECH_SAMPLE,Technology Share Basket,stock,0.17322852,122.664729,True
2011-03-31,TECH_SAMPLE,Technology Share Basket,stock,0.0730112,131.620629,True
2011-04-30,TECH_SAMPLE,Technology Share Basket,stock,-0.1548843,111.23466,True
2011-05-31,TECH_SAMPLE,Technology Share Basket,stock,0.11009926,123.481514,True
2011-06-30,TECH_SAMPLE,Technology Share Basket,stock,0.00065783,123.562744,True
2011-07-31,TECH_SAMPLE,Technology Share Basket,stock,0.17926006,145.712609,True
2011-08-31,TECH_SAMPLE,Technology Share Basket,stock,-0.04849564,138.646183,True
2011-09-30,TECH_SAMPLE,Technology Share Basket,stock,-0.04079026,132.990769,True
2011-10-31,TECH_SAMPLE,Technology Share Basket,stock,-0.0354224,128.279917,True
2011-11-30,TECH_SAMPLE,Technology Share Basket,stock,0.00306278,128.672809,True
2011-12-31,TECH_SAMPLE,Technology Share Basket,stock,-0.0354703,124.108747,True
2012-01-31,TECH_SAMPLE,Technology Share Basket,stock,0.00360105,124.555668,True
2012-02-29,TECH_SAMPLE,Technology Share Basket,stock,0.09967257,136.970452,True
2012-03-31,TECH_SAMPLE,Technology Share Basket,stock,0.02482008,140.370069,True
2012-04-30,TECH_SAMPLE,Technology Share Basket,stock,0.08998481,153.001243,True
2012-05-31,TECH_SAMPLE,Technology Share Basket,stock,0.10322619,168.794978,True
2012-06-30,TECH_SAMPLE,Technology Share Basket,stock,0.17187651,197.80687,True
2012-07-31,TECH_SAMPLE,Technology Share Basket,stock,-0.08404784,181.18163,True
2012-08-31,TECH_SAMPLE,Technology Share Basket,stock,0.03882993,188.2169,True
2012-09-30,TECH_SAMPLE,Technology Share Basket,stock,0.10580634,208.131441,True
2012-10-31,TECH_SAMPLE,Technology Share Basket,stock,0.06127196,220.884062,True
2012-11-30,TECH_SAMPLE,Technology Share Basket,stock,0.16629664,257.616339,True
2012-12-31,TECH_SAMPLE,Technology Share Basket,stock,-0.01894295,252.736326,True
2013-01-31,TECH_SAMPLE,Technology Share Basket,stock,-0.13664153,218.202047,True
2013-02-28,TECH_SAMPLE,Technology Share Basket,stock,-0.05773059,205.605115,True
2013-03-31,TECH_SAMPLE,Technology Share Basket,stock,0.0590512,217.746343,True
2013-04-30,TECH_SAMPLE,Technology Share Basket,stock,0.09260049,237.909761,True
2013-05-31,TECH_SAMPLE,Technology Share Basket,stock,0.01652179,241.840456,True
2013-06-30,TECH_SAMPLE,Technology Share Basket,stock,-0.03056823,234.447821,True
2013-07-31,TECH_SAMPLE,Technology Share Basket,stock,0.01611723,238.226471,True
2013-08-31,TECH_SAMPLE,Technology Share Basket,stock,-0.10916807,212.219747,True
2013-09-30,TECH_SAMPLE,Technology Share Basket,stock,0.03578689,219.814432,True
2013-10-31,TECH_SAMPLE,Technology Share Basket,stock,0.08593044,238.703183,True
2013-11-30,TECH_SAMPLE,Technology Share Basket,stock,0.15630214,276.013002,True
2013-12-31,TECH_SAMPLE,Technology Share Basket,stock,-0.0281972,268.230207,True
2014-01-31,TECH_SAMPLE,Technology Share Basket,stock,0.13825415,305.314148,True
2014-02-28,TECH_SAMPLE,Technology Share Basket,stock,-0.0297488,296.231419,True
2014-03-31,TECH_SAMPLE,Technology Share Basket,stock,-0.00384533,295.092311,True
2014-04-30,TECH_SAMPLE,Technology Share Basket,stock,-0.06746054,275.185224,True
2014-05-31,TECH_SAMPLE,Technology Share Basket,stock,-0.04297162,263.360069,True
2014-06-30,TECH_SAMPLE,Technology Share Basket,stock,-0.02776797,256.047095,True
2014-07-31,TECH_SAMPLE,Technology Share Basket,stock,0.05209125,269.384909,True
2014-08-31,TECH_SAMPLE,Technology Share Basket,stock,0.13139582,304.780961,True
2014-09-30,TECH_SAMPLE,Technology Share Basket,stock,0.11903684,341.061124,True
2014-10-31,TECH_SAMPLE,Technology Share Basket,stock,0.00414715,342.475555,True
2014-11-30,TECH_SAMPLE,Technology Share Basket,stock,-0.15589167,289.086467,True
2014-12-31,TECH_SAMPLE,Technology Share Basket,stock,0.02909552,297.497589,True
2015-01-31,TECH_SAMPLE,Technology Share Basket,stock,-0.20727735,235.833077,True
2015-02-28,TECH_SAMPLE,Technology Share Basket,stock,0.00844326,237.824277,True
2015-03-31,TECH_SAMPLE,Technology Share Basket,stock,0.04463505,248.439577,True
2015-04-30,TECH_SAMPLE,Technology Share Basket,stock,-0.00777655,246.507574,True
2015-05-31,TECH_SAMPLE,Technology Share Basket,stock,-0.0524138,233.587176,True
2015-06-30,TECH_SAMPLE,Technology Share Basket,stock,0.11073171,259.452682,True
2015-07-31,TECH_SAMPLE,Technology Share Basket,stock,0.01622451,263.662175,True
2015-08-31,TECH_SAMPLE,Technology Share Basket,stock,-0.12227016,231.424158,True
2015-09-30,TECH_SAMPLE,Technology Share Basket,stock,-0.00206556,230.946137,True
2015-10-31,TECH_SAMPLE,Technology Share Basket,stock,0.02322313,236.309429,True
2015-11-30,TECH_SAMPLE,Technology Share Basket,stock,-0.03942064,226.99396,True
2015-12-31,TECH_SAMPLE,Technology Share Basket,stock,-0.00211446,226.513991,True
2016-01-31,TECH_SAMPLE,Technology Share Basket,stock,-0.02797831,220.176513,True
2016-02-29,TECH_SAMPLE,Technology Share Basket,stock,0.02128306,224.862543,True
2016-03-31,TECH_SAMPLE,Technology Share Basket,stock,0.14673256,257.857198,True
2016-04-30,TECH_SAMPLE,Technology Share Basket,stock,0.03789385,267.628401,True
2016-05-31,TECH_SAMPLE,Technology Share Basket,stock,0.03376352,276.664477,True
2016-06-30,TECH_SAMPLE,Technology Share Basket,stock,0.13747148,314.697953,True
2016-07-31,TECH_SAMPLE,Technology Share Basket,stock,-0.00052176,314.533758,True
2016-08-31,TECH_SAMPLE,Technology Share Basket,stock,-0.02270848,307.391173,True
2016-09-30,TECH_SAMPLE,Technology Share Basket,stock,0.02110466,313.87856,True
2016-10-31,TECH_SAMPLE,Technology Share Basket,stock,-0.05121587,297.802997,True
2016-11-30,TECH_SAMPLE,Technology Share Basket,stock,-0.05648369,280.981986,True
2016-12-31,TECH_SAMPLE,Technology Share Basket,stock,0.03283006,290.206641,True
2017-01-31,TECH_SAMPLE,Technology Share Basket,stock,-0.13736161,250.343389,True
2017-02-28,TECH_SAMPLE,Technology Share Basket,stock,0.02560543,256.753541,True
2017-03-31,TECH_SAMPLE,Technology Share Basket,stock,0.00310891,257.551764,True
2017-04-30,TECH_SAMPLE,Technology Share Basket,stock,-0.00945062,255.11774,True
2017-05-31,TECH_SAMPLE,Technology Share Basket,stock,0.03732069,264.63891,True
2017-06-30,TECH_SAMPLE,Technology Share Basket,stock,-0.09748871,238.839603,True
2017-07-31,TECH_SAMPLE,Technology Share Basket,stock,-0.063104,223.767869,True
2017-08-31,TECH_SAMPLE,Technology Share Basket,stock,0.05947473,237.076402,True
2017-09-30,TECH_SAMPLE,Technology Share Basket,stock,0.05750599,250.709715,True
2017-10-31,TECH_SAMPLE,Technology Share Basket,stock,-0.00072384,250.528243,True
2017-11-30,TECH_SAMPLE,Technology Share Basket,stock,0.07015759,268.104699,True
2017-12-31,TECH_SAMPLE,Technology Share Basket,stock,0.0535288,282.456023,True
2018-01-31,TECH_SAMPLE,Technology Share Basket,stock,0.05300661,297.42806,True
2018-02-28,TECH_SAMPLE,Technology Share Basket,stock,0.00418128,298.67169,True
2018-03-31,TECH_SAMPLE,Technology Share Basket,stock,0.0362389,309.495225,True
2018-04-30,TECH_SAMPLE,Technology Share Basket,stock,0.01156524,313.074611,True
2018-05-31,TECH_SAMPLE,Technology Share Basket,stock,0.05062387,328.923658,True
2018-06-30,TECH_SAMPLE,Technology Share Basket,stock,0.03877498,341.677668,True
2018-07-31,TECH_SAMPLE,Technology Share Basket,stock,-0.04449262,326.475533,True
2018-08-31,TECH_SAMPLE,Technology Share Basket,stock,0.11011729,362.426133,True
2018-09-30,TECH_SAMPLE,Technology Share Basket,stock,0.0163872,368.365281,True
2018-10-31,TECH_SAMPLE,Technology Share Basket,stock,0.03872181,382.629053,True
2018-11-30,TECH_SAMPLE,Technology Share Basket,stock,-0.03806657,368.063678,True
2018-12-31,TECH_SAMPLE,Technology Share Basket,stock,0.04521358,384.705155,True
2019-01-31,TECH_SAMPLE,Technology Share Basket,stock,-0.07333155,356.49413,True
2019-02-28,TECH_SAMPLE,Technology Share Basket,stock,-0.09870695,321.305682,True
2019-03-31,TECH_SAMPLE,Technology Share Basket,stock,-0.06540267,300.291432,True
2019-04-30,TECH_SAMPLE,Technology Share Basket,stock,0.26742242,380.596094,True
2019-05-31,TECH_SAMPLE,Technology Share Basket,stock,-0.07952169,350.33045,True
2019-06-30,TECH_SAMPLE,Technology Share Basket,stock,-0.10232032,314.484525,True
2019-07-31,TECH_SAMPLE,Technology Share Basket,stock,-0.0857166,287.52798,True
2019-08-31,TECH_SAMPLE,Technology Share Basket,stock,0.08183377,311.05748,True
2019-09-30,TECH_SAMPLE,Technology Share Basket,stock,-0.06764709,290.015346,True
2019-10-31,TECH_SAMPLE,Technology Share Basket,stock,-0.08671584,264.866423,True
2019-11-30,TECH_SAMPLE,Technology Share Basket,stock,-0.02662333,257.814797,True
2019-12-31,TECH_SAMPLE,Technology Share Basket,stock,-0.00623246,256.207976,True
2020-01-31,TECH_SAMPLE,Technology Share Basket,stock,0.01770962,260.745321,True
2020-02-29,TECH_SAMPLE,Technology Share Basket,stock,-0.02523337,254.165837,True
2020-03-31,TECH_SAMPLE,Technology Share Basket,stock,-0.07102024,236.114917,True
2020-04-30,TECH_SAMPLE,Technology Share Basket,stock,0.0178728,240.334953,True
2020-05-31,TECH_SAMPLE,Technology Share Basket,stock,-0.09207604,218.205862,True
2020-06-30,TECH_SAMPLE,Technology Share Basket,stock,0.02604048,223.888048,True
2020-07-31,TECH_SAMPLE,Technology Share Basket,stock,0.07458644,240.58706,True
2020-08-31,TECH_SAMPLE,Technology Share Basket,stock,-0.02391408,234.833641,True
2020-09-30,TECH_SAMPLE,Technology Share Basket,stock,-0.11707271,207.34103,True
2020-10-31,TECH_SAMPLE,Technology Share Basket,stock,-0.03676373,199.7184,True
2020-11-30,TECH_SAMPLE,Technology Share Basket,stock,-0.00688499,198.343341,True
2020-12-31,TECH_SAMPLE,Technology Share Basket,stock,0.07359038,212.939502,True
2021-01-31,TECH_SAMPLE,Technology Share Basket,stock,0.13956109,242.657571,True
2021-02-28,TECH_SAMPLE,Technology Share Basket,stock,-0.1263524,211.997204,True
2021-03-31,TECH_SAMPLE,Technology Share Basket,stock,0.10836945,234.971225,True
2021-04-30,TECH_SAMPLE,Technology Share Basket,stock,0.0753086,252.666578,True
2021-05-31,TECH_SAMPLE,Technology Share Basket,stock,-0.02816166,245.551068,True
2021-06-30,TECH_SAMPLE,Technology Share Basket,stock,-0.02545844,239.29972,True
2021-07-31,TECH_SAMPLE,Technology Share Basket,stock,0.05020277,251.313229,True
2021-08-31,TECH_SAMPLE,Technology Share Basket,stock,0.02602455,257.853541,True
2021-09-30,TECH_SAMPLE,Technology Share Basket,stock,-0.03306577,249.327416,True
2021-10-31,TECH_SAMPLE,Technology Share Basket,stock,0.00409367,250.34808,True
2021-11-30,TECH_SAMPLE,Technology Share Basket,stock,-0.02173465,244.906853,True
2021-12-31,TECH_SAMPLE,Technology Share Basket,stock,-0.10008679,220.394913,True
2022-01-31,TECH_SAMPLE,Technology Share Basket,stock,0.13011405,249.071388,True
2022-02-28,TECH_SAMPLE,Technology Share Basket,stock,0.14761235,285.837401,True
2022-03-31,TECH_SAMPLE,Technology Share Basket,stock,0.02211749,292.159407,True
2022-04-30,TECH_SAMPLE,Technology Share Basket,stock,-0.02126592,285.946368,True
2022-05-31,TECH_SAMPLE,Technology Share Basket,stock,-0.05064647,271.464194,True
2022-06-30,TECH_SAMPLE,Technology Share Basket,stock,-0.02012503,266.00097,True
2022-07-31,TECH_SAMPLE,Technology Share Basket,stock,0.01667819,270.437385,True
2022-08-31,TECH_SAMPLE,Technology Share Basket,stock,0.18593259,320.72051,True
2022-09-30,TECH_SAMPLE,Technology Share Basket,stock,-0.13082802,278.761282,True
2022-10-31,TECH_SAMPLE,Technology Share Basket,stock,-0.13149176,242.10647,True
2022-11-30,TECH_SAMPLE,Technology Share Basket,stock,-0.01123404,239.386636,True
2022-12-31,TECH_SAMPLE,Technology Share Basket,stock,-0.0352466,230.949072,True
2023-01-31,TECH_SAMPLE,Technology Share Basket,stock,0.00315324,231.677309,True
2023-02-28,TECH_SAMPLE,Technology Share Basket,stock,-0.07679387,213.885911,True
2023-03-31,TECH_SAMPLE,Technology Share Basket,stock,-0.00928389,211.900217,True
2023-04-30,TECH_SAMPLE,Technology Share Basket,stock,-0.03286808,204.935464,True
2023-05-31,TECH_SAMPLE,Technology Share Basket,stock,0.03400133,211.903542,True
2023-06-30,TECH_SAMPLE,Technology Share Basket,stock,-0.09444353,191.890623,True
2023-07-31,TECH_SAMPLE,Technology Share Basket,stock,0.04582054,200.683155,True
2023-08-31,TECH_SAMPLE,Technology Share Basket,stock,0.16423865,233.643086,True
2023-09-30,TECH_SAMPLE,Technology Share Basket,stock,-0.09150801,212.262873,True
2023-10-31,TECH_SAMPLE,Technology Share Basket,stock,0.06379578,225.804348,True
2023-11-30,TECH_SAMPLE,Technology Share Basket,stock,0.04049377,234.948019,True
2023-12-31,TECH_SAMPLE,Technology Share Basket,stock,0.00220784,235.466746,True
2024-01-31,TECH_SAMPLE,Technology Share Basket,stock,-0.03560021,227.084079,True
2024-02-29,TECH_SAMPLE,Technology Share Basket,stock,-0.00799497,225.26855,True
2024-03-31,TECH_SAMPLE,Technology Share Basket,stock,0.04106105,234.518313,True
2024-04-30,TECH_SAMPLE,Technology Share Basket,stock,0.02942904,241.419962,True
2024-05-31,TECH_SAMPLE,Technology Share Basket,stock,-0.00314075,240.661723,True
2024-06-30,TECH_SAMPLE,Technology Share Basket,stock,0.09392837,263.266686,True
2024-07-31,TECH_SAMPLE,Technology Share Basket,stock,0.16439954,306.547608,True
2024-08-31,TECH_SAMPLE,Technology Share Basket,stock,0.11125014,340.65107,True
2024-09-30,TECH_SAMPLE,Technology Share Basket,stock,0.03203641,351.564309,True
2024-10-31,TECH_SAMPLE,Technology Share Basket,stock,-0.0071989,349.033431,True
2024-11-30,TECH_SAMPLE,Technology Share Basket,stock,0.08283907,377.947037,True
2024-12-31,TECH_SAMPLE,Technology Share Basket,stock,0.13866136,430.353687,True
2025-01-31,TECH_SAMPLE,Technology Share Basket,stock,-0.00597039,427.784305,True
2025-02-28,TECH_SAMPLE,Technology Share Basket,stock,-0.02742327,416.053062,True
2025-03-31,TECH_SAMPLE,Technology Share Basket,stock,0.04563542,435.03982,True
2025-04-30,TECH_SAMPLE,Technology Share Basket,stock,0.04619578,455.136825,True
2025-05-31,TECH_SAMPLE,Technology Share Basket,stock,-0.02448214,443.994103,True
2025-06-30,TECH_SAMPLE,Technology Share Basket,stock,0.08800161,483.066296,True
2025-07-31,TECH_SAMPLE,Technology Share Basket,stock,-0.01591431,475.378628,True
2025-08-31,TECH_SAMPLE,Technology Share Basket,stock,-0.04791999,452.598491,True
2025-09-30,TECH_SAMPLE,Technology Share Basket,stock,0.02423859,463.568841,True
2025-10-31,TECH_SAMPLE,Technology Share Basket,stock,-0.12002731,407.927919,True
2025-11-30,TECH_SAMPLE,Technology Share Basket,stock,0.06597767,434.842051,True
2025-12-31,TECH_SAMPLE,Technology Share Basket,stock,0.12472533,489.07787,True
